cnes;Região de Saúde;Região Administrativa
4659325;Região Sudoeste (DF);Recanto das Emas (DF)
6666094;Região Central (DF);Lago Sul (DF)
4339037;Região Central (DF);Plano Piloto (DF)
9696261;Região Oeste (DF);Ceilândia (DF)
885185;Região Sudoeste (DF);Taguatinga (DF)
242047;Região Sudoeste (DF);Taguatinga (DF)
6498027;Região Centro-Sul (DF);Riacho Fundo I (DF)
7856822;Região Sudoeste (DF);Águas Claras (DF)
4313992;Região Central (DF);Plano Piloto (DF)
11266;Região Centro-Sul (DF);Guará (DF)
9516204;Região Leste (DF);São Sebastião (DF)
9629769;Região Central (DF);Plano Piloto (DF)
4432754;Região Oeste (DF);Ceilândia (DF)
5326095;Região Central (DF);Sudoeste/Octogonal (DF)
917850;Região Sudoeste (DF);Águas Claras (DF)
4305981;Região Central (DF);Plano Piloto (DF)
4345932;Região Central (DF);Plano Piloto (DF)
4211804;Região Central (DF);Plano Piloto (DF)
9143947;Região Oeste (DF);Ceilândia (DF)
4490665;Região Sudoeste (DF);Águas Claras (DF)
3504026;Região Central (DF);Plano Piloto (DF)
3575764;Região Central (DF);Plano Piloto (DF)
997617;Região Central (DF);Sudoeste/Octogonal (DF)
4060997;Região Sudoeste (DF);Taguatinga (DF)
4975340;Região Leste (DF);Jardim Botânico (DF)
9834737;Região Centro-Sul (DF);Guará (DF)
9322922;Região Central (DF);Plano Piloto (DF)
550094;Região Sudoeste (DF);Águas Claras (DF)
7990804;Região Norte (DF);Sobradinho (DF)
4410238;Região Norte (DF);Planaltina (DF)
2844435;Região Sudoeste (DF);Águas Claras (DF)
979147;Região Central (DF);Plano Piloto (DF)
7628404;Região Central (DF);Plano Piloto (DF)
9046771;Região Central (DF);Plano Piloto (DF)
5402921;Região Central (DF);Plano Piloto (DF)
3026019;Região Centro-Sul (DF);Guará (DF)
4329589;Região Norte (DF);Sobradinho (DF)
4569296;Região Central (DF);Plano Piloto (DF)
4410785;Região Sudoeste (DF);Águas Claras (DF)
6437141;Região Central (DF);Plano Piloto (DF)
4930096;Região Central (DF);Plano Piloto (DF)
4416392;Região Central (DF);Plano Piloto (DF)
4598008;Região Central (DF);Plano Piloto (DF)
4528778;Região Central (DF);Plano Piloto (DF)
9497625;Região Oeste (DF);Ceilândia (DF)
6820123;Região Central (DF);Plano Piloto (DF)
3462498;Região Central (DF);Plano Piloto (DF)
3216179;Região Central (DF);Plano Piloto (DF)
6715427;Região Central (DF);Plano Piloto (DF)
774642;Região Norte (DF);Planaltina (DF)
5085306;Região Central (DF);Plano Piloto (DF)
7116330;Região Central (DF);Plano Piloto (DF)
103349;Região Central (DF);Plano Piloto (DF)
4433181;Região Sudoeste (DF);Vicente Pires (DF)
3650383;Região Central (DF);Plano Piloto (DF)
9841091;Região Central (DF);Plano Piloto (DF)
4497759;Região Central (DF);Plano Piloto (DF)
2986914;Região Central (DF);Lago Sul (DF)
4401301;Região Oeste (DF);Ceilândia (DF)
857637;Região Central (DF);Plano Piloto (DF)
2884801;Região Sudoeste (DF);Samambaia (DF)
2672235;Região Norte (DF);Planaltina (DF)
5533627;Região Norte (DF);Sobradinho (DF)
7961235;Região Central (DF);Plano Piloto (DF)
9936742;Região Central (DF);Plano Piloto (DF)
4369440;Região Sudoeste (DF);Recanto das Emas (DF)
9775870;Região Sudoeste (DF);Águas Claras (DF)
4191544;Região Sudoeste (DF);Águas Claras (DF)
2830906;Região Centro-Sul (DF);Guará (DF)
4214439;Região Sudoeste (DF);Águas Claras (DF)
931713;Região Central (DF);Plano Piloto (DF)
7442408;Região Sudoeste (DF);Samambaia (DF)
5039738;Região Central (DF);Plano Piloto (DF)
4511115;Região Central (DF);Plano Piloto (DF)
4928873;Região Norte (DF);Sobradinho (DF)
4519698;Região Sudoeste (DF);Águas Claras (DF)
4546318;Região Sudoeste (DF);Águas Claras (DF)
6895042;Região Leste (DF);Paranoá (DF)
4325486;Região Central (DF);Plano Piloto (DF)
838381;Região Oeste (DF);Ceilândia (DF)
5375037;Região Central (DF);Plano Piloto (DF)
7645848;Região Central (DF);Plano Piloto (DF)
4139577;Região Central (DF);Plano Piloto (DF)
35955;Região Central (DF);Plano Piloto (DF)
3253481;Região Central (DF);Plano Piloto (DF)
783641;Região Central (DF);Plano Piloto (DF)
4316754;Região Sudoeste (DF);Águas Claras (DF)
2895870;Região Oeste (DF);Ceilândia (DF)
9689419;Região Oeste (DF);Ceilândia (DF)
4801202;Região Central (DF);Plano Piloto (DF)
5877350;Região Central (DF);Plano Piloto (DF)
2875632;Região Central (DF);Plano Piloto (DF)
2875659;Região Sul (DF);Santa Maria (DF)
897892;Região Central (DF);Plano Piloto (DF)
3409171;Região Oeste (DF);Ceilândia (DF)
9610251;Região Central (DF);Plano Piloto (DF)
4289358;Região Oeste (DF);Ceilândia (DF)
4407075;Região Central (DF);Plano Piloto (DF)
981664;Região Central (DF);Plano Piloto (DF)
7979878;Região Central (DF);Plano Piloto (DF)
2960222;Região Leste (DF);Jardim Botânico (DF)
958301;Região Central (DF);Plano Piloto (DF)
4039130;Região Sudoeste (DF);Águas Claras (DF)
4979176;Região Central (DF);Plano Piloto (DF)
7701454;Região Central (DF);Plano Piloto (DF)
6243495;Região Central (DF);Plano Piloto (DF)
6662048;Região Central (DF);Sudoeste/Octogonal (DF)
4540026;Região Central (DF);Plano Piloto (DF)
7066074;Região Central (DF);Plano Piloto (DF)
985953;Região Central (DF);Plano Piloto (DF)
4079590;Região Sudoeste (DF);Águas Claras (DF)
4540115;Região Central (DF);Plano Piloto (DF)
9798013;Região Central (DF);Plano Piloto (DF)
3105989;Região Norte (DF);Planaltina (DF)
7108923;Região Sudoeste (DF);Taguatinga (DF)
4378105;Região Leste (DF);São Sebastião (DF)
4877926;Região Central (DF);Sudoeste/Octogonal (DF)
9317368;Região Sul (DF);Gama (DF)
4199758;Região Sudoeste (DF);Taguatinga (DF)
198749;Região Sudoeste (DF);Samambaia (DF)
9896791;Região Sudoeste (DF);Águas Claras (DF)
4597893;Região Central (DF);Plano Piloto (DF)
3908712;Região Central (DF);Plano Piloto (DF)
3066509;Região Central (DF);Plano Piloto (DF)
9758429;Região Sudoeste (DF);Taguatinga (DF)
4415825;Região Central (DF);Plano Piloto (DF)
3908801;Região Central (DF);Plano Piloto (DF)
772526;Região Sudoeste (DF);Samambaia (DF)
4480244;Região Sudoeste (DF);Águas Claras (DF)
9319999;Região Central (DF);Plano Piloto (DF)
9412956;Região Sudoeste (DF);Taguatinga (DF)
3525473;Região Central (DF);Plano Piloto (DF)
7852576;Região Centro-Sul (DF);SIA (DF)
860093;Região Central (DF);Plano Piloto (DF)
3821412;Região Oeste (DF);Ceilândia (DF)
839167;Região Central (DF);Plano Piloto (DF)
3451860;Região Central (DF);Plano Piloto (DF)
3103080;Região Central (DF);Plano Piloto (DF)
4830725;Região Norte (DF);Planaltina (DF)
9882219;Região Central (DF);Plano Piloto (DF)
4547950;Região Sudoeste (DF);Taguatinga (DF)
7094116;Região Leste (DF);Itapoã (DF)
4965612;Região Sudoeste (DF);Taguatinga (DF)
520462;Região Norte (DF);Planaltina (DF)
9312234;Região Central (DF);Plano Piloto (DF)
4540069;Região Central (DF);Lago Norte (DF)
9983341;Região Central (DF);Plano Piloto (DF)
4558367;Região Central (DF);Plano Piloto (DF)
223700;Região Central (DF);Sudoeste/Octogonal (DF)
429287;Região Central (DF);Plano Piloto (DF)
2975084;Região Sudoeste (DF);Águas Claras (DF)
2980487;Região Sudoeste (DF);Taguatinga (DF)
10804;Região Sudoeste (DF);Recanto das Emas (DF)
955485;Região Central (DF);Plano Piloto (DF)
11215;Região Oeste (DF);Brazlândia (DF)
316954;Região Central (DF);Plano Piloto (DF)
9599991;Região Central (DF);Plano Piloto (DF)
4626214;Região Sudoeste (DF);Taguatinga (DF)
2881101;Região Central (DF);Plano Piloto (DF)
9918167;Região Oeste (DF);Ceilândia (DF)
886459;Região Central (DF);Plano Piloto (DF)
4555813;Região Central (DF);Plano Piloto (DF)
3019616;Região Central (DF);Plano Piloto (DF)
4248090;Região Sudoeste (DF);Águas Claras (DF)
3564541;Região Central (DF);Plano Piloto (DF)
9024654;Região Sul (DF);Gama (DF)
9900713;Região Central (DF);Lago Norte (DF)
4738810;Região Central (DF);Plano Piloto (DF)
7994613;Região Sudoeste (DF);Samambaia (DF)
4700414;Região Central (DF);Plano Piloto (DF)
3840093;Região Sudoeste (DF);Águas Claras (DF)
3024822;Região Central (DF);Plano Piloto (DF)
5474973;Região Central (DF);Plano Piloto (DF)
9257888;Região Central (DF);Plano Piloto (DF)
9287272;Região Central (DF);Plano Piloto (DF)
4422228;Região Central (DF);Plano Piloto (DF)
4581415;Região Central (DF);Plano Piloto (DF)
4342224;Região Leste (DF);Jardim Botânico (DF)
6294553;Região Sudoeste (DF);Taguatinga (DF)
4704533;Região Sudoeste (DF);Águas Claras (DF)
4305736;Região Central (DF);Sudoeste/Octogonal (DF)
2616955;Região Sudoeste (DF);Taguatinga (DF)
3256901;Região Sul (DF);Santa Maria (DF)
298719;Região Central (DF);Plano Piloto (DF)
2937379;Região Central (DF);Plano Piloto (DF)
10707;Região Central (DF);Plano Piloto (DF)
763527;Região Sudoeste (DF);Águas Claras (DF)
10618;Região Sudoeste (DF);Taguatinga (DF)
6663192;Região Sudoeste (DF);Águas Claras (DF)
4079167;Região Leste (DF);São Sebastião (DF)
3117359;Região Central (DF);Plano Piloto (DF)
4700473;Região Sudoeste (DF);Águas Claras (DF)
9265406;Região Central (DF);Plano Piloto (DF)
9283862;Região Central (DF);Plano Piloto (DF)
189189;Região Sudoeste (DF);Águas Claras (DF)
4945638;Região Centro-Sul (DF);Núcleo Bandeirante (DF)
5050340;Região Norte (DF);Arapoanga (DF)
9675396;Região Central (DF);Sudoeste/Octogonal (DF)
4108876;Região Central (DF);Sudoeste/Octogonal (DF)
6308376;Região Central (DF);Plano Piloto (DF)
6184138;Região Oeste (DF);Ceilândia (DF)
9512357;Região Central (DF);Plano Piloto (DF)
9942491;Região Central (DF);Plano Piloto (DF)
7197160;Região Central (DF);Plano Piloto (DF)
4527933;Região Central (DF);Plano Piloto (DF)
4795512;Região Central (DF);Sudoeste/Octogonal (DF)
10588;Região Sudoeste (DF);Vicente Pires (DF)
5402670;Região Central (DF);Plano Piloto (DF)
9700153;Região Central (DF);Plano Piloto (DF)
2834235;Região Central (DF);Plano Piloto (DF)
4410882;Região Sudoeste (DF);Vicente Pires (DF)
129275;Região Central (DF);Plano Piloto (DF)
4155653;Região Central (DF);Plano Piloto (DF)
9039066;Região Central (DF);Plano Piloto (DF)
3216322;Região Central (DF);Plano Piloto (DF)
9766944;Região Sudoeste (DF);Taguatinga (DF)
3908895;Região Central (DF);Plano Piloto (DF)
6938841;Região Sudoeste (DF);Taguatinga (DF)
9580816;Região Central (DF);Plano Piloto (DF)
4136462;Região Sudoeste (DF);Samambaia (DF)
4002830;Região Central (DF);Plano Piloto (DF)
3467546;Região Sudoeste (DF);Taguatinga (DF)
4323912;Região Central (DF);Plano Piloto (DF)
4487796;Região Central (DF);Plano Piloto (DF)
786918;Região Oeste (DF);Brazlândia (DF)
9862706;Região Central (DF);Plano Piloto (DF)
4017544;Região Sudoeste (DF);Taguatinga (DF)
9690476;Região Central (DF);Plano Piloto (DF)
9921753;Região Central (DF);Lago Sul (DF)
3495973;Região Central (DF);Plano Piloto (DF)
5411114;Região Central (DF);Plano Piloto (DF)
4896920;Região Sudoeste (DF);Águas Claras (DF)
6794521;Região Central (DF);Plano Piloto (DF)
9019499;Região Central (DF);Plano Piloto (DF)
2960206;Região Central (DF);Plano Piloto (DF)
9098356;Região Central (DF);Plano Piloto (DF)
4416945;Região Central (DF);Plano Piloto (DF)
6530303;Região Central (DF);Plano Piloto (DF)
7414994;Região Norte (DF);Planaltina (DF)
4248368;Região Central (DF);Plano Piloto (DF)
7780567;Região Central (DF);Plano Piloto (DF)
6182275;Região Centro-Sul (DF);Guará (DF)
2915820;Região Sudoeste (DF);Taguatinga (DF)
6650686;Região Central (DF);Plano Piloto (DF)
11177;Região Central (DF);Lago Norte (DF)
6046010;Região Central (DF);Plano Piloto (DF)
4384016;Região Centro-Sul (DF);Riacho Fundo I (DF)
6655734;Região Central (DF);Plano Piloto (DF)
3031543;Região Norte (DF);Sobradinho (DF)
4189418;Região Sudoeste (DF);Samambaia (DF)
2969335;Região Central (DF);Plano Piloto (DF)
3525538;Região Central (DF);Lago Sul (DF)
3067181;Região Sudoeste (DF);Taguatinga (DF)
7905483;Região Central (DF);Plano Piloto (DF)
5858348;Região Central (DF);Lago Sul (DF)
7686285;Região Central (DF);Plano Piloto (DF)
3360814;Região Central (DF);Plano Piloto (DF)
6217257;Região Oeste (DF);Ceilândia (DF)
3400905;Região Central (DF);Plano Piloto (DF)
3546209;Região Central (DF);Plano Piloto (DF)
4978293;Região Central (DF);Lago Sul (DF)
3144607;Região Sul (DF);Santa Maria (DF)
4841239;Região Sudoeste (DF);Recanto das Emas (DF)
6384072;Região Central (DF);Plano Piloto (DF)
3213153;Região Central (DF);Plano Piloto (DF)
3236668;Região Centro-Sul (DF);Guará (DF)
516341;Região Sudoeste (DF);Recanto das Emas (DF)
4586050;Região Sudoeste (DF);Samambaia (DF)
426067;Região Central (DF);Plano Piloto (DF)
3254909;Região Leste (DF);São Sebastião (DF)
6890105;Região Central (DF);Plano Piloto (DF)
4995538;Região Central (DF);Plano Piloto (DF)
9860983;Região Central (DF);Sudoeste/Octogonal (DF)
901342;Região Sudoeste (DF);Águas Claras (DF)
11207;Região Oeste (DF);Ceilândia (DF)
3082342;Região Central (DF);Plano Piloto (DF)
6703321;Região Central (DF);Plano Piloto (DF)
3211266;Região Central (DF);Plano Piloto (DF)
4483650;Região Central (DF);Plano Piloto (DF)
299634;Região Sudoeste (DF);Recanto das Emas (DF)
11118;Região Centro-Sul (DF);Guará (DF)
9054715;Região Centro-Sul (DF);Guará (DF)
990841;Região Sudoeste (DF);Águas Claras (DF)
10901;Região Sudoeste (DF);Vicente Pires (DF)
9808108;Região Sudoeste (DF);Taguatinga (DF)
3206874;Região Central (DF);Plano Piloto (DF)
5065968;Região Central (DF);Plano Piloto (DF)
3077209;Região Central (DF);Plano Piloto (DF)
9411151;Região Central (DF);Plano Piloto (DF)
4493680;Região Central (DF);Plano Piloto (DF)
9364560;Região Central (DF);Plano Piloto (DF)
830941;Região Sudoeste (DF);Taguatinga (DF)
812188;Região Central (DF);Plano Piloto (DF)
6435955;Região Central (DF);Plano Piloto (DF)
9075747;Região Sul (DF);Gama (DF)
6300359;Região Central (DF);Sudoeste/Octogonal (DF)
3742822;Região Sudoeste (DF);Vicente Pires (DF)
280623;Região Norte (DF);Sobradinho (DF)
5485045;Região Centro-Sul (DF);SIA (DF)
868442;Região Sudoeste (DF);Taguatinga (DF)
3088081;Região Central (DF);Plano Piloto (DF)
4064054;Região Sudoeste (DF);Águas Claras (DF)
5389526;Região Central (DF);Plano Piloto (DF)
4537955;Região Oeste (DF);Ceilândia (DF)
2867613;Região Central (DF);Plano Piloto (DF)
2811227;Região Central (DF);Plano Piloto (DF)
9242325;Região Central (DF);Plano Piloto (DF)
878138;Região Central (DF);Plano Piloto (DF)
6677401;Região Central (DF);Sudoeste/Octogonal (DF)
9480595;Região Sudoeste (DF);Taguatinga (DF)
4137884;Região Norte (DF);Sobradinho (DF)
9436529;Região Central (DF);Plano Piloto (DF)
9361847;Região Central (DF);Plano Piloto (DF)
6278426;Região Central (DF);Plano Piloto (DF)
5548640;Região Central (DF);Plano Piloto (DF)
9248420;Região Central (DF);Plano Piloto (DF)
4264304;Região Sudoeste (DF);Águas Claras (DF)
4519655;Região Sul (DF);Santa Maria (DF)
6381677;Região Central (DF);Plano Piloto (DF)
4780418;Região Central (DF);Plano Piloto (DF)
7695918;Região Central (DF);Lago Sul (DF)
9572511;Região Leste (DF);Paranoá (DF)
3115127;Região Central (DF);Plano Piloto (DF)
9058605;Região Sudoeste (DF);Águas Claras (DF)
7437269;Região Central (DF);Plano Piloto (DF)
2997665;Região Central (DF);Sudoeste/Octogonal (DF)
9877185;Região Central (DF);Lago Sul (DF)
9097880;Região Sudoeste (DF);Águas Claras (DF)
9572066;Região Sudoeste (DF);Águas Claras (DF)
157953;Região Sudoeste (DF);Taguatinga (DF)
4369475;Região Sudoeste (DF);Águas Claras (DF)
1075195;Região Sudoeste (DF);Arniqueira (DF)
102962;Região Central (DF);Plano Piloto (DF)
6567487;Região Central (DF);Plano Piloto (DF)
9595058;Região Sul (DF);Santa Maria (DF)
9276920;Região Central (DF);Plano Piloto (DF)
7498241;Região Central (DF);Plano Piloto (DF)
4325389;Região Central (DF);Plano Piloto (DF)
518859;Região Leste (DF);Jardim Botânico (DF)
10936;Região Sudoeste (DF);Vicente Pires (DF)
9840877;Região Central (DF);Lago Sul (DF)
2993651;Região Sudoeste (DF);Águas Claras (DF)
2841460;Região Central (DF);Lago Norte (DF)
872911;Região Sudoeste (DF);Águas Claras (DF)
9796916;Região Sudoeste (DF);Taguatinga (DF)
5344166;Região Central (DF);Plano Piloto (DF)
3056392;Região Central (DF);Plano Piloto (DF)
886327;Região Sudoeste (DF);Samambaia (DF)
4512405;Região Central (DF);Sudoeste/Octogonal (DF)
3281302;Região Sudoeste (DF);Taguatinga (DF)
3868168;Região Central (DF);Plano Piloto (DF)
9937722;Região Sul (DF);Gama (DF)
4489292;Região Central (DF);Plano Piloto (DF)
6770681;Região Norte (DF);Sobradinho II (DF)
7546343;Região Central (DF);Sudoeste/Octogonal (DF)
3027759;Região Central (DF);Lago Norte (DF)
7494424;Região Sul (DF);Santa Maria (DF)
3479234;Região Central (DF);Plano Piloto (DF)
9817212;Região Sudoeste (DF);Taguatinga (DF)
9946748;Região Central (DF);Plano Piloto (DF)
5611970;Região Central (DF);Plano Piloto (DF)
4484061;Região Sudoeste (DF);Águas Claras (DF)
7646518;Região Central (DF);Lago Sul (DF)
2617366;Região Central (DF);Plano Piloto (DF)
7881428;Região Central (DF);Plano Piloto (DF)
6399185;Região Central (DF);Plano Piloto (DF)
4962230;Região Sudoeste (DF);Taguatinga (DF)
6748899;Região Central (DF);Plano Piloto (DF)
3263363;Região Central (DF);Plano Piloto (DF)
4433084;Região Oeste (DF);Ceilândia (DF)
4169840;Região Central (DF);Plano Piloto (DF)
4323009;Região Central (DF);Plano Piloto (DF)
9779337;Região Central (DF);Plano Piloto (DF)
5582199;Região Oeste (DF);Ceilândia (DF)
3027945;Região Central (DF);Plano Piloto (DF)
3027643;Região Leste (DF);São Sebastião (DF)
7579721;Região Sudoeste (DF);Águas Claras (DF)
7911386;Região Sudoeste (DF);Águas Claras (DF)
4330315;Região Central (DF);Plano Piloto (DF)
3306518;Região Central (DF);Lago Sul (DF)
3056341;Região Leste (DF);Jardim Botânico (DF)
9086161;Região Central (DF);Plano Piloto (DF)
4724577;Região Central (DF);Plano Piloto (DF)
3470156;Região Central (DF);Plano Piloto (DF)
3525317;Região Centro-Sul (DF);Guará (DF)
9246886;Região Oeste (DF);Ceilândia (DF)
3489019;Região Central (DF);Plano Piloto (DF)
2997002;Região Oeste (DF);Ceilândia (DF)
4235258;Região Sudoeste (DF);Águas Claras (DF)
9348433;Região Sudoeste (DF);Taguatinga (DF)
5441226;Região Centro-Sul (DF);Guará (DF)
4265343;Região Central (DF);Plano Piloto (DF)
7029136;Região Sudoeste (DF);Taguatinga (DF)
100773;Região Sudoeste (DF);Águas Claras (DF)
3029905;Região Central (DF);Plano Piloto (DF)
4349946;Região Central (DF);Lago Norte (DF)
947717;Região Sudoeste (DF);Águas Claras (DF)
3330605;Região Central (DF);Plano Piloto (DF)
6323863;Região Central (DF);Plano Piloto (DF)
5437415;Região Central (DF);Plano Piloto (DF)
637017;Região Norte (DF);Sobradinho (DF)
3116239;Região Central (DF);Plano Piloto (DF)
6750257;Região Central (DF);Plano Piloto (DF)
9075704;Região Oeste (DF);Ceilândia (DF)
7813392;Região Central (DF);Sudoeste/Octogonal (DF)
4692217;Região Sudoeste (DF);Águas Claras (DF)
502049;Região Oeste (DF);Ceilândia (DF)
610526;Região Leste (DF);São Sebastião (DF)
9866671;Região Central (DF);Plano Piloto (DF)
3029816;Região Central (DF);Plano Piloto (DF)
4558774;Região Norte (DF);Planaltina (DF)
3303667;Região Central (DF);Plano Piloto (DF)
9706526;Região Centro-Sul (DF);Guará (DF)
3448614;Região Sul (DF);Gama (DF)
3289036;Região Central (DF);Plano Piloto (DF)
4226542;Região Norte (DF);Sobradinho (DF)
9217894;Região Sudoeste (DF);Águas Claras (DF)
4102401;Região Central (DF);Plano Piloto (DF)
9093753;Região Centro-Sul (DF);Guará (DF)
9515720;Região Sudoeste (DF);Taguatinga (DF)
9476911;Região Sudoeste (DF);Taguatinga (DF)
4344782;Região Sul (DF);Gama (DF)
4433157;Região Central (DF);Plano Piloto (DF)
3056279;Região Central (DF);Plano Piloto (DF)
3548317;Região Central (DF);Plano Piloto (DF)
7268432;Região Central (DF);Plano Piloto (DF)
4211243;Região Oeste (DF);Ceilândia (DF)
4603958;Região Central (DF);Plano Piloto (DF)
4320204;Região Sudoeste (DF);Águas Claras (DF)
11150;Região Central (DF);Plano Piloto (DF)
4091272;Região Central (DF);Plano Piloto (DF)
9381872;Região Central (DF);Plano Piloto (DF)
9495509;Região Sudoeste (DF);Taguatinga (DF)
7253451;Região Sul (DF);Santa Maria (DF)
1140876;Região Central (DF);Plano Piloto (DF)
2973383;Região Central (DF);Plano Piloto (DF)
3084302;Região Central (DF);Plano Piloto (DF)
2973294;Região Sudoeste (DF);Águas Claras (DF)
943290;Região Oeste (DF);Ceilândia (DF)
3084108;Região Central (DF);Plano Piloto (DF)
251429;Região Oeste (DF);Ceilândia (DF)
6180744;Região Central (DF);Plano Piloto (DF)
4082303;Região Sudoeste (DF);Águas Claras (DF)
3025020;Região Oeste (DF);Ceilândia (DF)
4187032;Região Sul (DF);Santa Maria (DF)
4895428;Região Central (DF);Cruzeiro (DF)
4556151;Região Central (DF);Plano Piloto (DF)
4602404;Região Oeste (DF);Ceilândia (DF)
3263320;Região Central (DF);Plano Piloto (DF)
4909542;Região Sudoeste (DF);Taguatinga (DF)
4586700;Região Norte (DF);Sobradinho (DF)
659398;Região Centro-Sul (DF);Guará (DF)
157422;Região Central (DF);Plano Piloto (DF)
872962;Região Sudoeste (DF);Águas Claras (DF)
9128468;Região Sudoeste (DF);Águas Claras (DF)
9928553;Região Oeste (DF);Brazlândia (DF)
4545257;Região Oeste (DF);Ceilândia (DF)
9823662;Região Central (DF);Plano Piloto (DF)
9272399;Região Oeste (DF);Ceilândia (DF)
7623399;Região Sul (DF);Santa Maria (DF)
9769579;Região Centro-Sul (DF);Guará (DF)
5692873;Região Central (DF);Plano Piloto (DF)
9504052;Região Central (DF);Plano Piloto (DF)
512354;Região Sudoeste (DF);Taguatinga (DF)
4870522;Região Central (DF);Plano Piloto (DF)
7114397;Região Sudoeste (DF);Samambaia (DF)
4522443;Região Centro-Sul (DF);Guará (DF)
9320148;Região Central (DF);Plano Piloto (DF)
9095217;Região Sudoeste (DF);Taguatinga (DF)
9830626;Região Oeste (DF);Ceilândia (DF)
693502;Região Central (DF);Plano Piloto (DF)
9882375;Região Central (DF);Plano Piloto (DF)
4547586;Região Centro-Sul (DF);Riacho Fundo I (DF)
9060340;Região Central (DF);Sudoeste/Octogonal (DF)
847704;Região Central (DF);Plano Piloto (DF)
4491564;Região Oeste (DF);Ceilândia (DF)
2882590;Região Central (DF);Plano Piloto (DF)
6233376;Região Norte (DF);Planaltina (DF)
3422267;Região Oeste (DF);Ceilândia (DF)
9983201;Região Sudoeste (DF);Águas Claras (DF)
4399552;Região Centro-Sul (DF);Guará (DF)
4807928;Região Sudoeste (DF);Águas Claras (DF)
6699421;Região Oeste (DF);Ceilândia (DF)
4270738;Região Central (DF);Plano Piloto (DF)
9675612;Região Central (DF);Plano Piloto (DF)
9230122;Região Norte (DF);Sobradinho (DF)
496863;Região Central (DF);Plano Piloto (DF)
3212580;Região Central (DF);Plano Piloto (DF)
3576051;Região Central (DF);Plano Piloto (DF)
5546788;Região Oeste (DF);Ceilândia (DF)
9916237;Região Central (DF);Sudoeste/Octogonal (DF)
4439848;Região Central (DF);Plano Piloto (DF)
359297;Região Central (DF);Plano Piloto (DF)
7936079;Região Central (DF);Plano Piloto (DF)
9886680;Região Sul (DF);Gama (DF)
9983805;Região Central (DF);Plano Piloto (DF)
3073785;Região Leste (DF);São Sebastião (DF)
4185528;Região Norte (DF);Sobradinho (DF)
4324765;Região Central (DF);Plano Piloto (DF)
869961;Região Central (DF);Plano Piloto (DF)
4323866;Região Central (DF);Plano Piloto (DF)
876747;Região Central (DF);Plano Piloto (DF)
4324811;Região Central (DF);Plano Piloto (DF)
820806;Região Central (DF);Plano Piloto (DF)
4323807;Região Central (DF);Sudoeste/Octogonal (DF)
4323637;Região Central (DF);Plano Piloto (DF)
4323882;Região Central (DF);Plano Piloto (DF)
4323998;Região Central (DF);Plano Piloto (DF)
4323688;Região Central (DF);Plano Piloto (DF)
869996;Região Central (DF);Plano Piloto (DF)
4323920;Região Central (DF);Plano Piloto (DF)
820792;Região Centro-Sul (DF);Guará (DF)
4324013;Região Centro-Sul (DF);Guará (DF)
4325443;Região Central (DF);Lago Norte (DF)
4349474;Região Central (DF);Lago Norte (DF)
4323939;Região Centro-Sul (DF);Núcleo Bandeirante (DF)
4325435;Região Centro-Sul (DF);Núcleo Bandeirante (DF)
804223;Região Centro-Sul (DF);Riacho Fundo I (DF)
4323947;Região Sudoeste (DF);Águas Claras (DF)
4324757;Região Sudoeste (DF);Águas Claras (DF)
4324005;Região Sudoeste (DF);Águas Claras (DF)
4323963;Região Sudoeste (DF);Taguatinga (DF)
4349539;Região Oeste (DF);Ceilândia (DF)
4375890;Região Sul (DF);Gama (DF)
4324722;Região Sul (DF);Gama (DF)
4324676;Região Norte (DF);Planaltina (DF)
721662;Região Sudoeste (DF);Águas Claras (DF)
9834729;Região Central (DF);Plano Piloto (DF)
40444;Região Central (DF);Plano Piloto (DF)
9614710;Região Central (DF);Plano Piloto (DF)
4586255;Região Central (DF);Plano Piloto (DF)
3062236;Região Central (DF);Plano Piloto (DF)
7767501;Região Central (DF);Plano Piloto (DF)
4604709;Região Central (DF);Plano Piloto (DF)
3086305;Região Central (DF);Plano Piloto (DF)
7915195;Região Central (DF);Plano Piloto (DF)
7141491;Região Central (DF);Plano Piloto (DF)
9049185;Região Central (DF);Plano Piloto (DF)
6372481;Região Central (DF);Plano Piloto (DF)
9899421;Região Central (DF);Plano Piloto (DF)
9242368;Região Central (DF);Plano Piloto (DF)
7966946;Região Central (DF);Plano Piloto (DF)
9814876;Região Central (DF);Plano Piloto (DF)
2821087;Região Central (DF);Plano Piloto (DF)
4399129;Região Central (DF);Plano Piloto (DF)
4502426;Região Central (DF);Plano Piloto (DF)
794031;Região Central (DF);Plano Piloto (DF)
896438;Região Central (DF);Plano Piloto (DF)
4520246;Região Central (DF);Plano Piloto (DF)
9880275;Região Central (DF);Plano Piloto (DF)
4139437;Região Central (DF);Plano Piloto (DF)
2935171;Região Central (DF);Plano Piloto (DF)
946958;Região Central (DF);Plano Piloto (DF)
9386890;Região Central (DF);Plano Piloto (DF)
9741585;Região Central (DF);Plano Piloto (DF)
7817614;Região Central (DF);Plano Piloto (DF)
653616;Região Central (DF);Plano Piloto (DF)
9810226;Região Central (DF);Plano Piloto (DF)
799122;Região Central (DF);Plano Piloto (DF)
9604693;Região Central (DF);Plano Piloto (DF)
9460985;Região Central (DF);Plano Piloto (DF)
9883428;Região Central (DF);Plano Piloto (DF)
778729;Região Central (DF);Plano Piloto (DF)
4347609;Região Central (DF);Plano Piloto (DF)
9827757;Região Central (DF);Plano Piloto (DF)
486698;Região Central (DF);Plano Piloto (DF)
4012704;Região Central (DF);Plano Piloto (DF)
2888343;Região Central (DF);Plano Piloto (DF)
7017413;Região Central (DF);Plano Piloto (DF)
3535479;Região Central (DF);Plano Piloto (DF)
630942;Região Central (DF);Plano Piloto (DF)
4453972;Região Central (DF);Plano Piloto (DF)
4391187;Região Central (DF);Plano Piloto (DF)
9506829;Região Central (DF);Plano Piloto (DF)
3102874;Região Central (DF);Plano Piloto (DF)
965022;Região Central (DF);Plano Piloto (DF)
4051793;Região Central (DF);Plano Piloto (DF)
4521374;Região Central (DF);Plano Piloto (DF)
4636872;Região Central (DF);Plano Piloto (DF)
2915545;Região Central (DF);Plano Piloto (DF)
3200612;Região Central (DF);Plano Piloto (DF)
3558983;Região Central (DF);Plano Piloto (DF)
3816613;Região Central (DF);Plano Piloto (DF)
9002650;Região Central (DF);Plano Piloto (DF)
3078825;Região Central (DF);Plano Piloto (DF)
3177513;Região Central (DF);Plano Piloto (DF)
41203;Região Central (DF);Plano Piloto (DF)
5419204;Região Central (DF);Plano Piloto (DF)
9787313;Região Central (DF);Plano Piloto (DF)
4475259;Região Central (DF);Plano Piloto (DF)
4061020;Região Central (DF);Plano Piloto (DF)
4596684;Região Central (DF);Plano Piloto (DF)
2914212;Região Central (DF);Plano Piloto (DF)
4496272;Região Central (DF);Plano Piloto (DF)
2866919;Região Central (DF);Plano Piloto (DF)
5128730;Região Central (DF);Plano Piloto (DF)
5456584;Região Central (DF);Plano Piloto (DF)
3799131;Região Central (DF);Plano Piloto (DF)
7547625;Região Central (DF);Plano Piloto (DF)
9151990;Região Central (DF);Plano Piloto (DF)
7547579;Região Central (DF);Plano Piloto (DF)
4253221;Região Central (DF);Plano Piloto (DF)
9730001;Região Central (DF);Plano Piloto (DF)
3239063;Região Central (DF);Plano Piloto (DF)
4052900;Região Central (DF);Plano Piloto (DF)
4614445;Região Central (DF);Plano Piloto (DF)
854786;Região Central (DF);Plano Piloto (DF)
782483;Região Central (DF);Plano Piloto (DF)
941522;Região Central (DF);Plano Piloto (DF)
4891147;Região Central (DF);Plano Piloto (DF)
3680541;Região Central (DF);Plano Piloto (DF)
772909;Região Central (DF);Plano Piloto (DF)
951226;Região Central (DF);Plano Piloto (DF)
9947914;Região Central (DF);Plano Piloto (DF)
797081;Região Central (DF);Plano Piloto (DF)
2907895;Região Central (DF);Plano Piloto (DF)
4493664;Região Central (DF);Plano Piloto (DF)
132527;Região Central (DF);Plano Piloto (DF)
9830359;Região Central (DF);Plano Piloto (DF)
2973316;Região Central (DF);Plano Piloto (DF)
3217302;Região Central (DF);Plano Piloto (DF)
9058982;Região Central (DF);Plano Piloto (DF)
7046650;Região Central (DF);Plano Piloto (DF)
4519078;Região Central (DF);Plano Piloto (DF)
4795725;Região Central (DF);Plano Piloto (DF)
9463755;Região Central (DF);Plano Piloto (DF)
9840419;Região Central (DF);Plano Piloto (DF)
9906444;Região Central (DF);Plano Piloto (DF)
4336593;Região Central (DF);Plano Piloto (DF)
3429512;Região Central (DF);Plano Piloto (DF)
752266;Região Central (DF);Plano Piloto (DF)
9319069;Região Central (DF);Plano Piloto (DF)
222771;Região Central (DF);Plano Piloto (DF)
4598113;Região Central (DF);Plano Piloto (DF)
4002857;Região Central (DF);Plano Piloto (DF)
4118286;Região Central (DF);Plano Piloto (DF)
6558658;Região Central (DF);Plano Piloto (DF)
9796541;Região Central (DF);Plano Piloto (DF)
7905173;Região Central (DF);Plano Piloto (DF)
9054979;Região Central (DF);Plano Piloto (DF)
9866655;Região Central (DF);Plano Piloto (DF)
9967524;Região Central (DF);Plano Piloto (DF)
4263332;Região Central (DF);Plano Piloto (DF)
2897121;Região Central (DF);Plano Piloto (DF)
5925541;Região Central (DF);Plano Piloto (DF)
3105334;Região Central (DF);Plano Piloto (DF)
6437087;Região Central (DF);Plano Piloto (DF)
4342240;Região Central (DF);Plano Piloto (DF)
282030;Região Central (DF);Plano Piloto (DF)
4437322;Região Central (DF);Plano Piloto (DF)
9212388;Região Central (DF);Plano Piloto (DF)
60720;Região Central (DF);Plano Piloto (DF)
5913225;Região Central (DF);Plano Piloto (DF)
2910330;Região Central (DF);Plano Piloto (DF)
6804608;Região Central (DF);Plano Piloto (DF)
6148794;Região Central (DF);Plano Piloto (DF)
4112407;Região Central (DF);Plano Piloto (DF)
46469;Região Central (DF);Plano Piloto (DF)
3232697;Região Central (DF);Plano Piloto (DF)
646210;Região Central (DF);Plano Piloto (DF)
4385217;Região Central (DF);Plano Piloto (DF)
5935067;Região Central (DF);Plano Piloto (DF)
611573;Região Central (DF);Plano Piloto (DF)
7280904;Região Central (DF);Plano Piloto (DF)
3667219;Região Central (DF);Plano Piloto (DF)
3613003;Região Central (DF);Plano Piloto (DF)
5078822;Região Central (DF);Plano Piloto (DF)
7646305;Região Central (DF);Plano Piloto (DF)
924202;Região Central (DF);Plano Piloto (DF)
4189752;Região Central (DF);Plano Piloto (DF)
967300;Região Central (DF);Plano Piloto (DF)
911577;Região Central (DF);Plano Piloto (DF)
776114;Região Central (DF);Plano Piloto (DF)
9604375;Região Central (DF);Plano Piloto (DF)
4263251;Região Central (DF);Plano Piloto (DF)
2969165;Região Central (DF);Plano Piloto (DF)
4472446;Região Central (DF);Plano Piloto (DF)
7094183;Região Central (DF);Plano Piloto (DF)
9958312;Região Central (DF);Plano Piloto (DF)
151459;Região Central (DF);Plano Piloto (DF)
3427773;Região Central (DF);Plano Piloto (DF)
9932445;Região Central (DF);Plano Piloto (DF)
3495884;Região Central (DF);Plano Piloto (DF)
6976093;Região Central (DF);Plano Piloto (DF)
2866293;Região Central (DF);Plano Piloto (DF)
3493415;Região Central (DF);Plano Piloto (DF)
3387518;Região Central (DF);Plano Piloto (DF)
3083489;Região Central (DF);Plano Piloto (DF)
3514692;Região Central (DF);Plano Piloto (DF)
4384598;Região Central (DF);Plano Piloto (DF)
3588610;Região Central (DF);Plano Piloto (DF)
3530957;Região Central (DF);Plano Piloto (DF)
5027411;Região Central (DF);Plano Piloto (DF)
3104001;Região Central (DF);Plano Piloto (DF)
3069044;Região Central (DF);Plano Piloto (DF)
6496512;Região Central (DF);Plano Piloto (DF)
561983;Região Central (DF);Plano Piloto (DF)
9740732;Região Central (DF);Plano Piloto (DF)
2969181;Região Central (DF);Plano Piloto (DF)
4146697;Região Central (DF);Sudoeste/Octogonal (DF)
4470826;Região Central (DF);Sudoeste/Octogonal (DF)
2873168;Região Centro-Sul (DF);SIA (DF)
4540077;Região Central (DF);Cruzeiro (DF)
2898217;Região Central (DF);Sudoeste/Octogonal (DF)
3026043;Região Central (DF);Sudoeste/Octogonal (DF)
4481461;Região Central (DF);Sudoeste/Octogonal (DF)
4540603;Região Central (DF);Sudoeste/Octogonal (DF)
2857421;Região Central (DF);Sudoeste/Octogonal (DF)
2798352;Região Central (DF);Sudoeste/Octogonal (DF)
4140575;Região Central (DF);Sudoeste/Octogonal (DF)
9044272;Região Central (DF);Sudoeste/Octogonal (DF)
4540204;Região Central (DF);Sudoeste/Octogonal (DF)
7749651;Região Central (DF);Sudoeste/Octogonal (DF)
2945983;Região Central (DF);Sudoeste/Octogonal (DF)
469653;Região Central (DF);Sudoeste/Octogonal (DF)
9880097;Região Central (DF);Sudoeste/Octogonal (DF)
9163395;Região Central (DF);Sudoeste/Octogonal (DF)
9534768;Região Central (DF);Sudoeste/Octogonal (DF)
9869271;Região Central (DF);Sudoeste/Octogonal (DF)
9127992;Região Central (DF);Sudoeste/Octogonal (DF)
3098443;Região Central (DF);Sudoeste/Octogonal (DF)
4329597;Região Central (DF);Sudoeste/Octogonal (DF)
4574818;Região Central (DF);Sudoeste/Octogonal (DF)
512052;Região Central (DF);Sudoeste/Octogonal (DF)
4208110;Região Central (DF);Plano Piloto (DF)
3879534;Região Central (DF);Plano Piloto (DF)
4120620;Região Central (DF);Plano Piloto (DF)
9755772;Região Central (DF);Plano Piloto (DF)
6362419;Região Central (DF);Plano Piloto (DF)
9499830;Região Central (DF);Plano Piloto (DF)
9137386;Região Central (DF);Plano Piloto (DF)
2858673;Região Central (DF);Plano Piloto (DF)
4142977;Região Central (DF);Plano Piloto (DF)
493627;Região Central (DF);Plano Piloto (DF)
9590579;Região Central (DF);Plano Piloto (DF)
4139461;Região Central (DF);Plano Piloto (DF)
9921176;Região Central (DF);Plano Piloto (DF)
874388;Região Central (DF);Plano Piloto (DF)
9938885;Região Central (DF);Plano Piloto (DF)
104949;Região Central (DF);Plano Piloto (DF)
4547756;Região Central (DF);Plano Piloto (DF)
4484460;Região Central (DF);Plano Piloto (DF)
3252388;Região Central (DF);Plano Piloto (DF)
3305783;Região Central (DF);Plano Piloto (DF)
9988351;Região Central (DF);Plano Piloto (DF)
4975103;Região Central (DF);Plano Piloto (DF)
1134620;Região Central (DF);Plano Piloto (DF)
6331165;Região Central (DF);Plano Piloto (DF)
1134639;Região Central (DF);Plano Piloto (DF)
862959;Região Central (DF);Plano Piloto (DF)
9578447;Região Central (DF);Plano Piloto (DF)
2895730;Região Central (DF);Plano Piloto (DF)
9556974;Região Central (DF);Plano Piloto (DF)
4493702;Região Central (DF);Plano Piloto (DF)
3354156;Região Central (DF);Plano Piloto (DF)
5913209;Região Central (DF);Plano Piloto (DF)
9489517;Região Central (DF);Plano Piloto (DF)
3686663;Região Central (DF);Plano Piloto (DF)
7025394;Região Central (DF);Plano Piloto (DF)
6283764;Região Central (DF);Plano Piloto (DF)
9471316;Região Central (DF);Plano Piloto (DF)
985759;Região Central (DF);Plano Piloto (DF)
738751;Região Central (DF);Plano Piloto (DF)
6637450;Região Central (DF);Plano Piloto (DF)
7907087;Região Central (DF);Plano Piloto (DF)
899453;Região Central (DF);Plano Piloto (DF)
4325567;Região Central (DF);Plano Piloto (DF)
4153324;Região Central (DF);Plano Piloto (DF)
495123;Região Central (DF);Plano Piloto (DF)
4277848;Região Central (DF);Plano Piloto (DF)
3330680;Região Central (DF);Plano Piloto (DF)
4248716;Região Central (DF);Plano Piloto (DF)
4128354;Região Central (DF);Plano Piloto (DF)
7055056;Região Central (DF);Plano Piloto (DF)
4313895;Região Central (DF);Plano Piloto (DF)
4082338;Região Central (DF);Plano Piloto (DF)
3177475;Região Central (DF);Plano Piloto (DF)
149128;Região Central (DF);Plano Piloto (DF)
990922;Região Central (DF);Plano Piloto (DF)
4036069;Região Central (DF);Plano Piloto (DF)
4323017;Região Central (DF);Plano Piloto (DF)
2866587;Região Central (DF);Plano Piloto (DF)
4477073;Região Central (DF);Plano Piloto (DF)
3467570;Região Central (DF);Plano Piloto (DF)
3880591;Região Central (DF);Plano Piloto (DF)
7345534;Região Central (DF);Plano Piloto (DF)
4042905;Região Central (DF);Plano Piloto (DF)
3955257;Região Central (DF);Plano Piloto (DF)
9528156;Região Central (DF);Plano Piloto (DF)
3406792;Região Central (DF);Plano Piloto (DF)
3578380;Região Central (DF);Plano Piloto (DF)
3387410;Região Central (DF);Plano Piloto (DF)
3330540;Região Central (DF);Plano Piloto (DF)
4610636;Região Central (DF);Plano Piloto (DF)
9570713;Região Central (DF);Plano Piloto (DF)
9027874;Região Central (DF);Plano Piloto (DF)
4614275;Região Central (DF);Plano Piloto (DF)
471615;Região Central (DF);Plano Piloto (DF)
2830183;Região Central (DF);Plano Piloto (DF)
5101816;Região Central (DF);Plano Piloto (DF)
6691900;Região Central (DF);Plano Piloto (DF)
448737;Região Central (DF);Plano Piloto (DF)
3778142;Região Central (DF);Plano Piloto (DF)
6651429;Região Central (DF);Plano Piloto (DF)
9683348;Região Central (DF);Plano Piloto (DF)
9600450;Região Central (DF);Plano Piloto (DF)
273562;Região Central (DF);Plano Piloto (DF)
5422329;Região Central (DF);Plano Piloto (DF)
4193466;Região Central (DF);Plano Piloto (DF)
7994648;Região Central (DF);Plano Piloto (DF)
4391179;Região Central (DF);Plano Piloto (DF)
3903184;Região Central (DF);Plano Piloto (DF)
2970686;Região Central (DF);Plano Piloto (DF)
4134354;Região Central (DF);Plano Piloto (DF)
4788915;Região Central (DF);Plano Piloto (DF)
5971195;Região Central (DF);Plano Piloto (DF)
7380275;Região Central (DF);Plano Piloto (DF)
9459405;Região Centro-Sul (DF);Guará (DF)
9407987;Região Centro-Sul (DF);Guará (DF)
4259939;Região Centro-Sul (DF);Guará (DF)
9963243;Região Centro-Sul (DF);Guará (DF)
6217761;Região Centro-Sul (DF);Guará (DF)
943444;Região Centro-Sul (DF);Guará (DF)
9888802;Região Centro-Sul (DF);Guará (DF)
200468;Região Centro-Sul (DF);Guará (DF)
858021;Região Centro-Sul (DF);Guará (DF)
4082370;Região Centro-Sul (DF);Guará (DF)
3836479;Região Centro-Sul (DF);Guará (DF)
4211065;Região Centro-Sul (DF);Guará (DF)
7960468;Região Centro-Sul (DF);Guará (DF)
9711961;Região Centro-Sul (DF);Guará (DF)
7995148;Região Centro-Sul (DF);Guará (DF)
4338820;Região Centro-Sul (DF);Guará (DF)
992542;Região Centro-Sul (DF);Guará (DF)
2977168;Região Centro-Sul (DF);Guará (DF)
2867648;Região Centro-Sul (DF);SIA (DF)
2854171;Região Centro-Sul (DF);SIA (DF)
247340;Região Centro-Sul (DF);SIA (DF)
9144552;Região Centro-Sul (DF);SIA (DF)
4257219;Região Centro-Sul (DF);SIA (DF)
193372;Região Centro-Sul (DF);Guará (DF)
3799123;Região Centro-Sul (DF);SCIA/Estrutural (DF)
3216136;Região Central (DF);Lago Norte (DF)
9355332;Região Central (DF);Lago Norte (DF)
3043223;Região Central (DF);Lago Norte (DF)
4530624;Região Central (DF);Lago Norte (DF)
2961369;Região Central (DF);Lago Norte (DF)
4275608;Região Central (DF);Lago Norte (DF)
875929;Região Central (DF);Lago Norte (DF)
2977788;Região Central (DF);Lago Norte (DF)
6890202;Região Central (DF);Lago Norte (DF)
9869522;Região Central (DF);Lago Norte (DF)
9700005;Região Central (DF);Lago Norte (DF)
2942801;Região Leste (DF);Paranoá (DF)
4611616;Região Leste (DF);Paranoá (DF)
101516;Região Central (DF);Lago Sul (DF)
1131966;Região Central (DF);Lago Sul (DF)
9573607;Região Central (DF);Lago Sul (DF)
3460908;Região Central (DF);Lago Sul (DF)
9969780;Região Central (DF);Lago Sul (DF)
3062325;Região Central (DF);Lago Sul (DF)
2841509;Região Central (DF);Lago Sul (DF)
5875803;Região Central (DF);Lago Sul (DF)
2846101;Região Leste (DF);São Sebastião (DF)
3425126;Região Leste (DF);São Sebastião (DF)
4263200;Região Leste (DF);São Sebastião (DF)
888214;Região Leste (DF);São Sebastião (DF)
4369726;Região Leste (DF);São Sebastião (DF)
424714;Região Centro-Sul (DF);Núcleo Bandeirante (DF)
157694;Região Centro-Sul (DF);Núcleo Bandeirante (DF)
4367367;Região Centro-Sul (DF);Núcleo Bandeirante (DF)
9843337;Região Centro-Sul (DF);Núcleo Bandeirante (DF)
4106016;Região Centro-Sul (DF);Candangolândia (DF)
4540107;Região Centro-Sul (DF);Candangolândia (DF)
4369505;Região Centro-Sul (DF);Candangolândia (DF)
4481399;Região Centro-Sul (DF);Candangolândia (DF)
3686736;Região Centro-Sul (DF);Park Way (DF)
3211878;Região Centro-Sul (DF);Riacho Fundo I (DF)
2936712;Região Centro-Sul (DF);Riacho Fundo I (DF)
4020103;Região Centro-Sul (DF);Riacho Fundo I (DF)
4526686;Região Centro-Sul (DF);Riacho Fundo II (DF)
3955966;Região Centro-Sul (DF);Riacho Fundo II (DF)
4036123;Região Sudoeste (DF);Águas Claras (DF)
2852063;Região Sudoeste (DF);Águas Claras (DF)
4138546;Região Sudoeste (DF);Águas Claras (DF)
4376765;Região Sudoeste (DF);Águas Claras (DF)
4375521;Região Sudoeste (DF);Águas Claras (DF)
4547675;Região Sudoeste (DF);Águas Claras (DF)
4237676;Região Sudoeste (DF);Águas Claras (DF)
714879;Região Sudoeste (DF);Águas Claras (DF)
7209738;Região Sudoeste (DF);Águas Claras (DF)
636703;Região Sudoeste (DF);Águas Claras (DF)
9328602;Região Sudoeste (DF);Águas Claras (DF)
4289307;Região Sudoeste (DF);Águas Claras (DF)
9169601;Região Sudoeste (DF);Águas Claras (DF)
9906185;Região Sudoeste (DF);Águas Claras (DF)
895415;Região Sudoeste (DF);Águas Claras (DF)
3500896;Região Sudoeste (DF);Águas Claras (DF)
4392728;Região Sudoeste (DF);Águas Claras (DF)
4831470;Região Sudoeste (DF);Águas Claras (DF)
9828524;Região Sudoeste (DF);Águas Claras (DF)
9847901;Região Sudoeste (DF);Águas Claras (DF)
9235086;Região Sudoeste (DF);Águas Claras (DF)
6494234;Região Sudoeste (DF);Águas Claras (DF)
9341307;Região Sudoeste (DF);Águas Claras (DF)
9632042;Região Sudoeste (DF);Águas Claras (DF)
852872;Região Sudoeste (DF);Águas Claras (DF)
4138813;Região Sudoeste (DF);Águas Claras (DF)
4312449;Região Sudoeste (DF);Águas Claras (DF)
4548000;Região Sudoeste (DF);Águas Claras (DF)
813648;Região Sudoeste (DF);Águas Claras (DF)
3074188;Região Sudoeste (DF);Águas Claras (DF)
9767371;Região Sudoeste (DF);Águas Claras (DF)
9833331;Região Sudoeste (DF);Águas Claras (DF)
9910573;Região Sudoeste (DF);Águas Claras (DF)
9927204;Região Sudoeste (DF);Águas Claras (DF)
9494847;Região Sudoeste (DF);Águas Claras (DF)
917834;Região Sudoeste (DF);Águas Claras (DF)
951110;Região Sudoeste (DF);Águas Claras (DF)
4070194;Região Sudoeste (DF);Águas Claras (DF)
9533141;Região Sudoeste (DF);Águas Claras (DF)
4119576;Região Sudoeste (DF);Águas Claras (DF)
417920;Região Sudoeste (DF);Águas Claras (DF)
4515447;Região Sudoeste (DF);Águas Claras (DF)
844365;Região Sudoeste (DF);Águas Claras (DF)
9475656;Região Sudoeste (DF);Águas Claras (DF)
4548655;Região Sudoeste (DF);Águas Claras (DF)
4313399;Região Sudoeste (DF);Águas Claras (DF)
4252764;Região Sudoeste (DF);Águas Claras (DF)
2856530;Região Sudoeste (DF);Águas Claras (DF)
972789;Região Sudoeste (DF);Águas Claras (DF)
3686655;Região Sudoeste (DF);Águas Claras (DF)
9779701;Região Sudoeste (DF);Águas Claras (DF)
4312414;Região Sudoeste (DF);Águas Claras (DF)
5424607;Região Sudoeste (DF);Águas Claras (DF)
4627997;Região Sudoeste (DF);Águas Claras (DF)
4547861;Região Sudoeste (DF);Águas Claras (DF)
4153200;Região Sudoeste (DF);Águas Claras (DF)
2993570;Região Sudoeste (DF);Águas Claras (DF)
9771514;Região Sudoeste (DF);Águas Claras (DF)
7508115;Região Sudoeste (DF);Águas Claras (DF)
785997;Região Sudoeste (DF);Águas Claras (DF)
4462726;Região Sudoeste (DF);Águas Claras (DF)
2903946;Região Sudoeste (DF);Águas Claras (DF)
9393013;Região Sudoeste (DF);Águas Claras (DF)
3501450;Região Sudoeste (DF);Águas Claras (DF)
3379698;Região Sudoeste (DF);Águas Claras (DF)
156736;Região Sudoeste (DF);Águas Claras (DF)
4367669;Região Sudoeste (DF);Águas Claras (DF)
9609741;Região Sudoeste (DF);Águas Claras (DF)
2866749;Região Sudoeste (DF);Águas Claras (DF)
2974770;Região Sudoeste (DF);Águas Claras (DF)
4341503;Região Sudoeste (DF);Águas Claras (DF)
4902467;Região Sudoeste (DF);Águas Claras (DF)
4493672;Região Sudoeste (DF);Vicente Pires (DF)
9665102;Região Sudoeste (DF);Vicente Pires (DF)
9896198;Região Sudoeste (DF);Vicente Pires (DF)
4347617;Região Sudoeste (DF);Vicente Pires (DF)
78689;Região Sudoeste (DF);Vicente Pires (DF)
4236823;Região Sudoeste (DF);Vicente Pires (DF)
5039894;Região Sudoeste (DF);Taguatinga (DF)
9980490;Região Sudoeste (DF);Taguatinga (DF)
4316983;Região Sudoeste (DF);Taguatinga (DF)
684058;Região Sudoeste (DF);Taguatinga (DF)
4091787;Região Sudoeste (DF);Taguatinga (DF)
7756291;Região Sudoeste (DF);Taguatinga (DF)
4503899;Região Sudoeste (DF);Taguatinga (DF)
4248325;Região Sudoeste (DF);Taguatinga (DF)
4376757;Região Sudoeste (DF);Taguatinga (DF)
3879445;Região Sudoeste (DF);Taguatinga (DF)
4325109;Região Sudoeste (DF);Taguatinga (DF)
671908;Região Sudoeste (DF);Taguatinga (DF)
3255530;Região Sudoeste (DF);Taguatinga (DF)
3955559;Região Sudoeste (DF);Taguatinga (DF)
2873192;Região Sudoeste (DF);Taguatinga (DF)
4451635;Região Sudoeste (DF);Taguatinga (DF)
4042921;Região Sudoeste (DF);Taguatinga (DF)
4010663;Região Sudoeste (DF);Taguatinga (DF)
2967499;Região Sudoeste (DF);Taguatinga (DF)
9540229;Região Sudoeste (DF);Taguatinga (DF)
9980288;Região Sudoeste (DF);Taguatinga (DF)
3821382;Região Sudoeste (DF);Taguatinga (DF)
4439694;Região Sudoeste (DF);Taguatinga (DF)
4257065;Região Sudoeste (DF);Taguatinga (DF)
2892626;Região Sudoeste (DF);Taguatinga (DF)
9605568;Região Sudoeste (DF);Taguatinga (DF)
9142983;Região Sudoeste (DF);Taguatinga (DF)
7507992;Região Sudoeste (DF);Taguatinga (DF)
4314328;Região Sudoeste (DF);Taguatinga (DF)
283452;Região Sudoeste (DF);Taguatinga (DF)
3222853;Região Sudoeste (DF);Taguatinga (DF)
3051420;Região Sudoeste (DF);Taguatinga (DF)
3075605;Região Sudoeste (DF);Taguatinga (DF)
4211588;Região Sudoeste (DF);Taguatinga (DF)
4064097;Região Sudoeste (DF);Taguatinga (DF)
2973367;Região Sudoeste (DF);Taguatinga (DF)
9568190;Região Sudoeste (DF);Taguatinga (DF)
805017;Região Sudoeste (DF);Taguatinga (DF)
4277694;Região Sudoeste (DF);Taguatinga (DF)
2914182;Região Sudoeste (DF);Taguatinga (DF)
4256441;Região Sudoeste (DF);Taguatinga (DF)
962945;Região Sudoeste (DF);Taguatinga (DF)
9963235;Região Sudoeste (DF);Taguatinga (DF)
2843927;Região Sudoeste (DF);Taguatinga (DF)
9693343;Região Sudoeste (DF);Taguatinga (DF)
9176292;Região Sudoeste (DF);Taguatinga (DF)
4122380;Região Sudoeste (DF);Taguatinga (DF)
992623;Região Sudoeste (DF);Taguatinga (DF)
4483669;Região Oeste (DF);Ceilândia (DF)
4141458;Região Oeste (DF);Ceilândia (DF)
9322906;Região Oeste (DF);Ceilândia (DF)
4038185;Região Oeste (DF);Ceilândia (DF)
3500829;Região Oeste (DF);Ceilândia (DF)
3104095;Região Oeste (DF);Ceilândia (DF)
9872566;Região Oeste (DF);Ceilândia (DF)
3040976;Região Oeste (DF);Ceilândia (DF)
4999568;Região Oeste (DF);Ceilândia (DF)
972436;Região Oeste (DF);Ceilândia (DF)
840122;Região Oeste (DF);Ceilândia (DF)
4390768;Região Oeste (DF);Ceilândia (DF)
4232046;Região Oeste (DF);Ceilândia (DF)
7282419;Região Oeste (DF);Ceilândia (DF)
4347552;Região Oeste (DF);Ceilândia (DF)
9289615;Região Oeste (DF);Ceilândia (DF)
2831775;Região Oeste (DF);Ceilândia (DF)
4660226;Região Oeste (DF);Ceilândia (DF)
2908336;Região Oeste (DF);Ceilândia (DF)
2972549;Região Oeste (DF);Ceilândia (DF)
9701699;Região Oeste (DF);Ceilândia (DF)
9830235;Região Oeste (DF);Ceilândia (DF)
953776;Região Oeste (DF);Ceilândia (DF)
4350650;Região Oeste (DF);Ceilândia (DF)
41084;Região Oeste (DF);Ceilândia (DF)
4667204;Região Sudoeste (DF);Samambaia (DF)
2945975;Região Sudoeste (DF);Samambaia (DF)
3189406;Região Sudoeste (DF);Samambaia (DF)
4313445;Região Sudoeste (DF);Samambaia (DF)
4069013;Região Sudoeste (DF);Samambaia (DF)
9896872;Região Sudoeste (DF);Samambaia (DF)
3971554;Região Sudoeste (DF);Samambaia (DF)
7880057;Região Sul (DF);Gama (DF)
4050851;Região Sul (DF);Gama (DF)
4320271;Região Sul (DF);Gama (DF)
4483839;Região Sul (DF);Gama (DF)
4140710;Região Sul (DF);Gama (DF)
9671617;Região Sul (DF);Gama (DF)
686794;Região Sul (DF);Gama (DF)
3845257;Região Sul (DF);Gama (DF)
4085272;Região Sul (DF);Gama (DF)
3822540;Região Sul (DF);Gama (DF)
4058941;Região Sul (DF);Gama (DF)
40851;Região Sul (DF);Gama (DF)
2923882;Região Sul (DF);Gama (DF)
4075994;Região Sul (DF);Gama (DF)
2919168;Região Sul (DF);Gama (DF)
4872290;Região Sul (DF);Gama (DF)
69035;Região Sul (DF);Gama (DF)
4326474;Região Sul (DF);Gama (DF)
6718329;Região Sul (DF);Santa Maria (DF)
4339231;Região Sul (DF);Santa Maria (DF)
4418085;Região Sul (DF);Santa Maria (DF)
4213491;Região Sul (DF);Santa Maria (DF)
4287541;Região Sul (DF);Santa Maria (DF)
2869608;Região Sul (DF);Santa Maria (DF)
4050789;Região Sul (DF);Santa Maria (DF)
914894;Região Sudoeste (DF);Recanto das Emas (DF)
5505992;Região Sudoeste (DF);Recanto das Emas (DF)
545864;Região Oeste (DF);Brazlândia (DF)
3032914;Região Norte (DF);Sobradinho (DF)
3379701;Região Norte (DF);Sobradinho (DF)
4051785;Região Norte (DF);Sobradinho (DF)
4586336;Região Norte (DF);Sobradinho (DF)
4415299;Região Norte (DF);Sobradinho (DF)
1138790;Região Norte (DF);Sobradinho (DF)
3032884;Região Norte (DF);Sobradinho (DF)
4063473;Região Norte (DF);Sobradinho (DF)
4103408;Região Norte (DF);Sobradinho (DF)
4083881;Região Norte (DF);Sobradinho (DF)
4092511;Região Norte (DF);Sobradinho (DF)
9394168;Região Norte (DF);Sobradinho II (DF)
4076001;Região Norte (DF);Sobradinho (DF)
4066073;Região Norte (DF);Sobradinho (DF)
2992302;Região Norte (DF);Planaltina (DF)
9529705;Região Norte (DF);Planaltina (DF)
9244972;Região Norte (DF);Planaltina (DF)
4189116;Região Norte (DF);Planaltina (DF)
886378;Região Norte (DF);Planaltina (DF)
4042972;Região Norte (DF);Planaltina (DF)
9670483;Região Norte (DF);Planaltina (DF)
9043934;Região Central (DF);Plano Piloto (DF)
3103447;Região Central (DF);Plano Piloto (DF)
3101797;Região Central (DF);Plano Piloto (DF)
4328485;Região Central (DF);Plano Piloto (DF)
9631747;Região Central (DF);Plano Piloto (DF)
686905;Região Central (DF);Plano Piloto (DF)
4341570;Região Central (DF);Plano Piloto (DF)
9123083;Região Central (DF);Plano Piloto (DF)
9184678;Região Central (DF);Plano Piloto (DF)
4386175;Região Central (DF);Plano Piloto (DF)
7880510;Região Central (DF);Plano Piloto (DF)
3379728;Região Central (DF);Plano Piloto (DF)
7555970;Região Central (DF);Plano Piloto (DF)
4190912;Região Central (DF);Plano Piloto (DF)
756091;Região Central (DF);Plano Piloto (DF)
4348699;Região Central (DF);Plano Piloto (DF)
886300;Região Central (DF);Plano Piloto (DF)
2919214;Região Central (DF);Plano Piloto (DF)
2889110;Região Central (DF);Plano Piloto (DF)
4556089;Região Central (DF);Plano Piloto (DF)
4194136;Região Central (DF);Plano Piloto (DF)
6661505;Região Central (DF);Plano Piloto (DF)
9416307;Região Central (DF);Plano Piloto (DF)
2909693;Região Central (DF);Plano Piloto (DF)
829951;Região Central (DF);Plano Piloto (DF)
3253554;Região Central (DF);Plano Piloto (DF)
3548376;Região Central (DF);Plano Piloto (DF)
3170780;Região Central (DF);Plano Piloto (DF)
3115119;Região Central (DF);Plano Piloto (DF)
4487729;Região Central (DF);Plano Piloto (DF)
989185;Região Central (DF);Plano Piloto (DF)
197262;Região Central (DF);Plano Piloto (DF)
4338294;Região Central (DF);Plano Piloto (DF)
970158;Região Central (DF);Plano Piloto (DF)
9639608;Região Central (DF);Plano Piloto (DF)
9977872;Região Central (DF);Plano Piloto (DF)
2827891;Região Central (DF);Plano Piloto (DF)
975532;Região Central (DF);Plano Piloto (DF)
4253264;Região Central (DF);Plano Piloto (DF)
7661142;Região Central (DF);Plano Piloto (DF)
4329651;Região Central (DF);Plano Piloto (DF)
9386602;Região Central (DF);Plano Piloto (DF)
9615873;Região Central (DF);Plano Piloto (DF)
2843781;Região Central (DF);Plano Piloto (DF)
3743829;Região Central (DF);Plano Piloto (DF)
9555935;Região Central (DF);Plano Piloto (DF)
9842489;Região Central (DF);Plano Piloto (DF)
5402603;Região Central (DF);Plano Piloto (DF)
4344774;Região Central (DF);Plano Piloto (DF)
3391426;Região Central (DF);Plano Piloto (DF)
3364011;Região Central (DF);Plano Piloto (DF)
4038223;Região Central (DF);Plano Piloto (DF)
885223;Região Central (DF);Plano Piloto (DF)
4992393;Região Central (DF);Plano Piloto (DF)
4227328;Região Central (DF);Plano Piloto (DF)
5315522;Região Central (DF);Plano Piloto (DF)
5128781;Região Central (DF);Plano Piloto (DF)
3973077;Região Central (DF);Plano Piloto (DF)
3576124;Região Central (DF);Plano Piloto (DF)
6202101;Região Central (DF);Plano Piloto (DF)
71498;Região Central (DF);Plano Piloto (DF)
3037037;Região Central (DF);Plano Piloto (DF)
4264835;Região Central (DF);Plano Piloto (DF)
9687475;Região Central (DF);Plano Piloto (DF)
3341666;Região Central (DF);Plano Piloto (DF)
4289609;Região Central (DF);Plano Piloto (DF)
9371788;Região Central (DF);Plano Piloto (DF)
4664701;Região Central (DF);Sudoeste/Octogonal (DF)
4191048;Região Central (DF);Sudoeste/Octogonal (DF)
3558150;Região Central (DF);Sudoeste/Octogonal (DF)
9630821;Região Central (DF);Sudoeste/Octogonal (DF)
49476;Região Central (DF);Sudoeste/Octogonal (DF)
4338642;Região Central (DF);Sudoeste/Octogonal (DF)
9046453;Região Central (DF);Sudoeste/Octogonal (DF)
3628183;Região Central (DF);Sudoeste/Octogonal (DF)
2856360;Região Central (DF);Sudoeste/Octogonal (DF)
4080521;Região Central (DF);Plano Piloto (DF)
4227530;Região Central (DF);Plano Piloto (DF)
392723;Região Central (DF);Plano Piloto (DF)
7057253;Região Central (DF);Plano Piloto (DF)
4206738;Região Central (DF);Plano Piloto (DF)
483052;Região Central (DF);Plano Piloto (DF)
4384989;Região Central (DF);Plano Piloto (DF)
5334071;Região Central (DF);Plano Piloto (DF)
228133;Região Central (DF);Plano Piloto (DF)
3330575;Região Central (DF);Plano Piloto (DF)
3062309;Região Central (DF);Plano Piloto (DF)
9055495;Região Central (DF);Plano Piloto (DF)
4034775;Região Central (DF);Plano Piloto (DF)
2875640;Região Central (DF);Plano Piloto (DF)
9562265;Região Central (DF);Plano Piloto (DF)
4643283;Região Central (DF);Plano Piloto (DF)
4329643;Região Central (DF);Plano Piloto (DF)
2885468;Região Central (DF);Plano Piloto (DF)
6950841;Região Central (DF);Plano Piloto (DF)
9977899;Região Central (DF);Plano Piloto (DF)
9953078;Região Central (DF);Plano Piloto (DF)
96911;Região Central (DF);Plano Piloto (DF)
4182650;Região Central (DF);Plano Piloto (DF)
4444876;Região Central (DF);Plano Piloto (DF)
7288107;Região Central (DF);Plano Piloto (DF)
4540174;Região Central (DF);Plano Piloto (DF)
6508863;Região Central (DF);Plano Piloto (DF)
4191439;Região Central (DF);Plano Piloto (DF)
3401898;Região Central (DF);Plano Piloto (DF)
9976744;Região Central (DF);Plano Piloto (DF)
2866889;Região Central (DF);Plano Piloto (DF)
2869969;Região Central (DF);Plano Piloto (DF)
4114698;Região Central (DF);Plano Piloto (DF)
3215865;Região Central (DF);Plano Piloto (DF)
4255569;Região Central (DF);Plano Piloto (DF)
4286286;Região Central (DF);Plano Piloto (DF)
9278613;Região Central (DF);Plano Piloto (DF)
9326006;Região Centro-Sul (DF);Guará (DF)
3406725;Região Centro-Sul (DF);Guará (DF)
3379671;Região Centro-Sul (DF);SIA (DF)
4118669;Região Centro-Sul (DF);Guará (DF)
4058151;Região Central (DF);Lago Norte (DF)
6752438;Região Leste (DF);Paranoá (DF)
5085055;Região Central (DF);Lago Sul (DF)
4002822;Região Central (DF);Lago Sul (DF)
9737960;Região Central (DF);Lago Sul (DF)
9552898;Região Central (DF);Lago Sul (DF)
9829318;Região Central (DF);Lago Sul (DF)
4131509;Região Central (DF);Lago Sul (DF)
7792743;Região Central (DF);Lago Sul (DF)
4248759;Região Leste (DF);Jardim Botânico (DF)
815780;Região Leste (DF);São Sebastião (DF)
9938265;Região Centro-Sul (DF);Núcleo Bandeirante (DF)
4129369;Região Sudoeste (DF);Águas Claras (DF)
4059050;Região Sudoeste (DF);Águas Claras (DF)
9828907;Região Sudoeste (DF);Águas Claras (DF)
4469208;Região Sudoeste (DF);Águas Claras (DF)
7983476;Região Sudoeste (DF);Águas Claras (DF)
4142322;Região Sudoeste (DF);Águas Claras (DF)
550388;Região Sudoeste (DF);Águas Claras (DF)
4555805;Região Sudoeste (DF);Águas Claras (DF)
4589459;Região Sudoeste (DF);Águas Claras (DF)
4329678;Região Sudoeste (DF);Águas Claras (DF)
9829458;Região Sudoeste (DF);Águas Claras (DF)
9842101;Região Sudoeste (DF);Águas Claras (DF)
4415434;Região Sudoeste (DF);Águas Claras (DF)
42536;Região Sudoeste (DF);Águas Claras (DF)
3429547;Região Sudoeste (DF);Águas Claras (DF)
4494911;Região Sudoeste (DF);Águas Claras (DF)
943436;Região Sudoeste (DF);Águas Claras (DF)
4290569;Região Sudoeste (DF);Águas Claras (DF)
4084713;Região Sudoeste (DF);Águas Claras (DF)
4460138;Região Sudoeste (DF);Águas Claras (DF)
4195868;Região Sudoeste (DF);Águas Claras (DF)
79871;Região Sudoeste (DF);Águas Claras (DF)
4317009;Região Sudoeste (DF);Águas Claras (DF)
754684;Região Sudoeste (DF);Águas Claras (DF)
4258703;Região Sudoeste (DF);Águas Claras (DF)
4064011;Região Sudoeste (DF);Águas Claras (DF)
7559801;Região Sudoeste (DF);Águas Claras (DF)
9568247;Região Sudoeste (DF);Águas Claras (DF)
4264932;Região Sudoeste (DF);Águas Claras (DF)
4249712;Região Sudoeste (DF);Águas Claras (DF)
2942453;Região Sudoeste (DF);Arniqueira (DF)
4159365;Região Sudoeste (DF);Vicente Pires (DF)
4257081;Região Sudoeste (DF);Vicente Pires (DF)
4063635;Região Sudoeste (DF);Taguatinga (DF)
9064400;Região Sudoeste (DF);Taguatinga (DF)
9678379;Região Sudoeste (DF);Taguatinga (DF)
3837998;Região Sudoeste (DF);Taguatinga (DF)
6266517;Região Sudoeste (DF);Taguatinga (DF)
9609547;Região Sudoeste (DF);Taguatinga (DF)
2993686;Região Sudoeste (DF);Taguatinga (DF)
9842195;Região Sudoeste (DF);Taguatinga (DF)
7336195;Região Sudoeste (DF);Taguatinga (DF)
9933999;Região Sudoeste (DF);Taguatinga (DF)
4235142;Região Sudoeste (DF);Taguatinga (DF)
4276965;Região Sudoeste (DF);Taguatinga (DF)
5403987;Região Sudoeste (DF);Taguatinga (DF)
3938077;Região Sudoeste (DF);Taguatinga (DF)
6940684;Região Sudoeste (DF);Taguatinga (DF)
3097994;Região Sudoeste (DF);Taguatinga (DF)
3379663;Região Sudoeste (DF);Taguatinga (DF)
3102599;Região Sudoeste (DF);Taguatinga (DF)
539988;Região Sudoeste (DF);Taguatinga (DF)
2880210;Região Sudoeste (DF);Taguatinga (DF)
4391136;Região Sudoeste (DF);Taguatinga (DF)
9695966;Região Sudoeste (DF);Taguatinga (DF)
4484169;Região Sudoeste (DF);Taguatinga (DF)
666106;Região Sudoeste (DF);Taguatinga (DF)
944947;Região Sudoeste (DF);Taguatinga (DF)
9539638;Região Sudoeste (DF);Taguatinga (DF)
2934485;Região Oeste (DF);Ceilândia (DF)
4213882;Região Oeste (DF);Ceilândia (DF)
4093186;Região Oeste (DF);Ceilândia (DF)
9977473;Região Oeste (DF);Ceilândia (DF)
9176160;Região Oeste (DF);Ceilândia (DF)
4037855;Região Sudoeste (DF);Samambaia (DF)
4129717;Região Sudoeste (DF);Samambaia (DF)
2866978;Região Sudoeste (DF);Samambaia (DF)
5478693;Região Sudoeste (DF);Samambaia (DF)
4045629;Região Sudoeste (DF);Samambaia (DF)
3057712;Região Sudoeste (DF);Samambaia (DF)
4337956;Região Sul (DF);Gama (DF)
2961571;Região Sul (DF);Gama (DF)
9869735;Região Sul (DF);Gama (DF)
9595724;Região Sul (DF);Gama (DF)
873004;Região Sul (DF);Gama (DF)
3112950;Região Sul (DF);Gama (DF)
9959823;Região Sul (DF);Gama (DF)
4060849;Região Sul (DF);Gama (DF)
4484983;Região Sul (DF);Santa Maria (DF)
4519744;Região Sul (DF);Santa Maria (DF)
9189297;Região Norte (DF);Sobradinho (DF)
4183614;Região Norte (DF);Sobradinho (DF)
3662101;Região Norte (DF);Sobradinho (DF)
3089169;Região Norte (DF);Planaltina (DF)
3067831;Região Central (DF);Plano Piloto (DF)
885207;Região Central (DF);Plano Piloto (DF)
2993481;Região Central (DF);Plano Piloto (DF)
911550;Região Central (DF);Plano Piloto (DF)
3932982;Região Central (DF);Plano Piloto (DF)
3034674;Região Central (DF);Sudoeste/Octogonal (DF)
4060822;Região Central (DF);Plano Piloto (DF)
4162196;Região Central (DF);Plano Piloto (DF)
4350758;Região Central (DF);Plano Piloto (DF)
9047514;Região Sudoeste (DF);Águas Claras (DF)
2972689;Região Sudoeste (DF);Águas Claras (DF)
3062899;Região Sudoeste (DF);Vicente Pires (DF)
6893120;Região Sudoeste (DF);Taguatinga (DF)
4092376;Região Oeste (DF);Ceilândia (DF)
4068947;Região Sudoeste (DF);Recanto das Emas (DF)
985791;Região Norte (DF);Sobradinho (DF)
4578864;Região Sudoeste (DF);Águas Claras (DF)
817155;Região Central (DF);Plano Piloto (DF)
3256855;Região Central (DF);Plano Piloto (DF)
646199;Região Sudoeste (DF);Águas Claras (DF)
819395;Região Central (DF);Plano Piloto (DF)
9873813;Região Central (DF);Plano Piloto (DF)
9513582;Região Central (DF);Plano Piloto (DF)
6786278;Região Central (DF);Plano Piloto (DF)
838462;Região Central (DF);Plano Piloto (DF)
2935090;Região Central (DF);Plano Piloto (DF)
4497066;Região Central (DF);Plano Piloto (DF)
782556;Região Central (DF);Plano Piloto (DF)
539708;Região Central (DF);Plano Piloto (DF)
962619;Região Central (DF);Plano Piloto (DF)
4434315;Região Central (DF);Plano Piloto (DF)
9844872;Região Central (DF);Plano Piloto (DF)
9882804;Região Central (DF);Plano Piloto (DF)
9967567;Região Central (DF);Plano Piloto (DF)
4474864;Região Central (DF);Plano Piloto (DF)
9234292;Região Central (DF);Plano Piloto (DF)
4505379;Região Central (DF);Plano Piloto (DF)
7707959;Região Central (DF);Plano Piloto (DF)
992925;Região Central (DF);Plano Piloto (DF)
4136403;Região Central (DF);Sudoeste/Octogonal (DF)
9882707;Região Central (DF);Cruzeiro (DF)
4477154;Região Central (DF);Cruzeiro (DF)
3961486;Região Central (DF);Sudoeste/Octogonal (DF)
4520378;Região Central (DF);Sudoeste/Octogonal (DF)
552186;Região Central (DF);Sudoeste/Octogonal (DF)
6588212;Região Central (DF);Plano Piloto (DF)
7188994;Região Central (DF);Plano Piloto (DF)
4475933;Região Central (DF);Plano Piloto (DF)
7220219;Região Central (DF);Plano Piloto (DF)
3480127;Região Central (DF);Plano Piloto (DF)
4475836;Região Central (DF);Plano Piloto (DF)
9800719;Região Central (DF);Plano Piloto (DF)
9783903;Região Central (DF);Plano Piloto (DF)
6403735;Região Central (DF);Plano Piloto (DF)
9914765;Região Central (DF);Plano Piloto (DF)
9726799;Região Central (DF);Plano Piloto (DF)
4108930;Região Central (DF);Plano Piloto (DF)
9078886;Região Centro-Sul (DF);Guará (DF)
9921079;Região Centro-Sul (DF);Guará (DF)
793469;Região Leste (DF);Paranoá (DF)
4511832;Região Leste (DF);Itapoã (DF)
972290;Região Central (DF);Lago Sul (DF)
9935894;Região Leste (DF);Jardim Botânico (DF)
4477049;Região Leste (DF);São Sebastião (DF)
9819509;Região Centro-Sul (DF);Núcleo Bandeirante (DF)
612529;Região Centro-Sul (DF);Riacho Fundo II (DF)
4128729;Região Sudoeste (DF);Águas Claras (DF)
4574303;Região Sudoeste (DF);Águas Claras (DF)
266825;Região Sudoeste (DF);Águas Claras (DF)
9550429;Região Sudoeste (DF);Águas Claras (DF)
9458077;Região Sudoeste (DF);Águas Claras (DF)
4460448;Região Sudoeste (DF);Águas Claras (DF)
2942798;Região Sudoeste (DF);Águas Claras (DF)
128694;Região Sudoeste (DF);Águas Claras (DF)
4497562;Região Sudoeste (DF);Vicente Pires (DF)
9381732;Região Sudoeste (DF);Taguatinga (DF)
2929961;Região Oeste (DF);Ceilândia (DF)
4477332;Região Oeste (DF);Ceilândia (DF)
6749208;Região Sul (DF);Gama (DF)
3500861;Região Sul (DF);Gama (DF)
715468;Região Sul (DF);Gama (DF)
4563921;Região Sul (DF);Santa Maria (DF)
9866558;Região Norte (DF);Sobradinho (DF)
4068335;Região Central (DF);Plano Piloto (DF)
857734;Região Central (DF);Plano Piloto (DF)
9540806;Região Central (DF);Plano Piloto (DF)
993484;Região Central (DF);Plano Piloto (DF)
4348648;Região Central (DF);Plano Piloto (DF)
6752446;Região Central (DF);Plano Piloto (DF)
9667113;Região Central (DF);Plano Piloto (DF)
9971815;Região Central (DF);Plano Piloto (DF)
4282973;Região Leste (DF);Jardim Botânico (DF)
901105;Região Sudoeste (DF);Águas Claras (DF)
4214153;Região Sudoeste (DF);Taguatinga (DF)
4201604;Região Sul (DF);Gama (DF)
9943749;Região Sul (DF);Gama (DF)
9936785;Região Sul (DF);Santa Maria (DF)
4134796;Região Sudoeste (DF);Taguatinga (DF)
7984006;Região Central (DF);Sudoeste/Octogonal (DF)
9257985;Região Central (DF);Plano Piloto (DF)
2827824;Região Central (DF);Plano Piloto (DF)
6507719;Região Central (DF);Plano Piloto (DF)
7823088;Região Central (DF);Plano Piloto (DF)
2798336;Região Central (DF);Sudoeste/Octogonal (DF)
6788289;Região Central (DF);Plano Piloto (DF)
3305856;Região Central (DF);Plano Piloto (DF)
5280710;Região Central (DF);Plano Piloto (DF)
7314949;Região Central (DF);Plano Piloto (DF)
3105083;Região Central (DF);Plano Piloto (DF)
3106446;Região Central (DF);Plano Piloto (DF)
7009976;Região Central (DF);Plano Piloto (DF)
3054888;Região Central (DF);Plano Piloto (DF)
6900399;Região Central (DF);Plano Piloto (DF)
3494799;Região Central (DF);Plano Piloto (DF)
131059;Região Central (DF);Plano Piloto (DF)
6494447;Região Central (DF);Plano Piloto (DF)
3071367;Região Central (DF);Lago Sul (DF)
6649408;Região Sudoeste (DF);Taguatinga (DF)
1132369;Região Sudoeste (DF);Recanto das Emas (DF)
1139126;Região Oeste (DF);Brazlândia (DF)
5026970;Região Central (DF);Plano Piloto (DF)
4055802;Região Sul (DF);Gama (DF)
9911251;Região Central (DF);Plano Piloto (DF)
4575571;Região Central (DF);Plano Piloto (DF)
3274039;Região Central (DF);Plano Piloto (DF)
9638679;Região Central (DF);Plano Piloto (DF)
3535363;Região Central (DF);Plano Piloto (DF)
5352991;Região Central (DF);Plano Piloto (DF)
2856611;Região Central (DF);Plano Piloto (DF)
9625194;Região Central (DF);Plano Piloto (DF)
480002;Região Central (DF);Plano Piloto (DF)
7831811;Região Central (DF);Cruzeiro (DF)
4562054;Região Central (DF);Sudoeste/Octogonal (DF)
764442;Região Central (DF);Sudoeste/Octogonal (DF)
3531007;Região Central (DF);Plano Piloto (DF)
4833430;Região Central (DF);Plano Piloto (DF)
7287933;Região Central (DF);Plano Piloto (DF)
4460197;Região Central (DF);Plano Piloto (DF)
3056201;Região Central (DF);Plano Piloto (DF)
3113841;Região Central (DF);Plano Piloto (DF)
4043073;Região Central (DF);Plano Piloto (DF)
5019362;Região Central (DF);Plano Piloto (DF)
3921662;Região Central (DF);Plano Piloto (DF)
1134027;Região Central (DF);Plano Piloto (DF)
6991378;Região Central (DF);Plano Piloto (DF)
6617417;Região Central (DF);Plano Piloto (DF)
3407284;Região Leste (DF);Paranoá (DF)
9907696;Região Leste (DF);Paranoá (DF)
4313224;Região Centro-Sul (DF);Candangolândia (DF)
2915049;Região Sudoeste (DF);Águas Claras (DF)
934739;Região Sudoeste (DF);Águas Claras (DF)
784508;Região Sudoeste (DF);Taguatinga (DF)
2866676;Região Sudoeste (DF);Taguatinga (DF)
5429021;Região Sudoeste (DF);Taguatinga (DF)
3215105;Região Sudoeste (DF);Taguatinga (DF)
3463354;Região Oeste (DF);Ceilândia (DF)
3420884;Região Oeste (DF);Ceilândia (DF)
869929;Região Sudoeste (DF);Samambaia (DF)
808040;Região Sul (DF);Santa Maria (DF)
4707621;Região Norte (DF);Sobradinho (DF)
4586247;Região Norte (DF);Planaltina (DF)
796913;Região Central (DF);Plano Piloto (DF)
9020039;Região Central (DF);Plano Piloto (DF)
7688113;Região Leste (DF);Paranoá (DF)
5088062;Região Oeste (DF);Ceilândia (DF)
3661814;Região Central (DF);Sudoeste/Octogonal (DF)
78913;Região Central (DF);Sudoeste/Octogonal (DF)
946451;Região Sudoeste (DF);Águas Claras (DF)
9776613;Região Central (DF);Plano Piloto (DF)
849391;Região Central (DF);Sudoeste/Octogonal (DF)
3027783;Região Central (DF);Cruzeiro (DF)
3027910;Região Central (DF);Sudoeste/Octogonal (DF)
4369432;Região Central (DF);Plano Piloto (DF)
3500837;Região Central (DF);Plano Piloto (DF)
7997965;Região Central (DF);Plano Piloto (DF)
9824006;Região Central (DF);Plano Piloto (DF)
9541268;Região Central (DF);Plano Piloto (DF)
9551417;Região Central (DF);Plano Piloto (DF)
4182251;Região Central (DF);Plano Piloto (DF)
3288994;Região Central (DF);Plano Piloto (DF)
2965836;Região Central (DF);Plano Piloto (DF)
9126198;Região Central (DF);Plano Piloto (DF)
288071;Região Central (DF);Plano Piloto (DF)
7024916;Região Central (DF);Plano Piloto (DF)
6696511;Região Central (DF);Plano Piloto (DF)
3273776;Região Central (DF);Plano Piloto (DF)
2831082;Região Central (DF);Plano Piloto (DF)
6975003;Região Central (DF);Plano Piloto (DF)
9789367;Região Central (DF);Plano Piloto (DF)
3421821;Região Central (DF);Plano Piloto (DF)
7155808;Região Central (DF);Plano Piloto (DF)
249041;Região Central (DF);Plano Piloto (DF)
4091728;Região Central (DF);Plano Piloto (DF)
9499733;Região Central (DF);Plano Piloto (DF)
298301;Região Central (DF);Plano Piloto (DF)
9798447;Região Central (DF);Plano Piloto (DF)
6065902;Região Central (DF);Plano Piloto (DF)
4097475;Região Central (DF);Plano Piloto (DF)
4212886;Região Central (DF);Plano Piloto (DF)
2951592;Região Central (DF);Plano Piloto (DF)
9604162;Região Centro-Sul (DF);Guará (DF)
53651;Região Leste (DF);Jardim Botânico (DF)
9866507;Região Sudoeste (DF);Águas Claras (DF)
34177;Região Sudoeste (DF);Águas Claras (DF)
9555099;Região Sudoeste (DF);Águas Claras (DF)
984833;Região Sudoeste (DF);Águas Claras (DF)
3048152;Região Sudoeste (DF);Taguatinga (DF)
3264076;Região Sudoeste (DF);Taguatinga (DF)
479128;Região Sul (DF);Gama (DF)
472980;Região Sul (DF);Gama (DF)
3031993;Região Norte (DF);Sobradinho (DF)
4062086;Região Central (DF);Plano Piloto (DF)
4540654;Região Central (DF);Plano Piloto (DF)
7050240;Região Central (DF);Plano Piloto (DF)
9606327;Região Central (DF);Plano Piloto (DF)
117536;Região Central (DF);Plano Piloto (DF)
4666275;Região Central (DF);Plano Piloto (DF)
792764;Região Central (DF);Plano Piloto (DF)
2893754;Região Central (DF);Plano Piloto (DF)
5704030;Região Central (DF);Plano Piloto (DF)
7287925;Região Central (DF);Plano Piloto (DF)
5679990;Região Central (DF);Plano Piloto (DF)
4473183;Região Central (DF);Plano Piloto (DF)
797448;Região Central (DF);Plano Piloto (DF)
4205308;Região Central (DF);Plano Piloto (DF)
788740;Região Central (DF);Plano Piloto (DF)
4514971;Região Central (DF);Plano Piloto (DF)
4632621;Região Central (DF);Plano Piloto (DF)
4642341;Região Central (DF);Plano Piloto (DF)
4509625;Região Central (DF);Plano Piloto (DF)
9649522;Região Central (DF);Plano Piloto (DF)
9870350;Região Central (DF);Plano Piloto (DF)
4313380;Região Central (DF);Plano Piloto (DF)
3470067;Região Central (DF);Plano Piloto (DF)
989193;Região Central (DF);Plano Piloto (DF)
7875231;Região Central (DF);Plano Piloto (DF)
4323610;Região Central (DF);Plano Piloto (DF)
5558557;Região Central (DF);Plano Piloto (DF)
9695850;Região Central (DF);Plano Piloto (DF)
917826;Região Central (DF);Plano Piloto (DF)
9742204;Região Central (DF);Plano Piloto (DF)
4385977;Região Central (DF);Plano Piloto (DF)
3575845;Região Central (DF);Plano Piloto (DF)
4556062;Região Central (DF);Plano Piloto (DF)
693189;Região Central (DF);Plano Piloto (DF)
2888068;Região Central (DF);Plano Piloto (DF)
9432477;Região Central (DF);Plano Piloto (DF)
4236890;Região Central (DF);Plano Piloto (DF)
4610148;Região Central (DF);Plano Piloto (DF)
4996135;Região Central (DF);Plano Piloto (DF)
4609360;Região Central (DF);Plano Piloto (DF)
5152984;Região Central (DF);Plano Piloto (DF)
4587014;Região Central (DF);Plano Piloto (DF)
9868356;Região Central (DF);Plano Piloto (DF)
9856951;Região Central (DF);Plano Piloto (DF)
9400788;Região Central (DF);Plano Piloto (DF)
4211049;Região Central (DF);Plano Piloto (DF)
9791108;Região Central (DF);Plano Piloto (DF)
9249710;Região Central (DF);Plano Piloto (DF)
4430093;Região Central (DF);Plano Piloto (DF)
4112016;Região Central (DF);Plano Piloto (DF)
1136909;Região Central (DF);Plano Piloto (DF)
2616815;Região Central (DF);Plano Piloto (DF)
5009073;Região Central (DF);Plano Piloto (DF)
3215822;Região Central (DF);Plano Piloto (DF)
3103226;Região Central (DF);Plano Piloto (DF)
4544366;Região Central (DF);Plano Piloto (DF)
792071;Região Central (DF);Plano Piloto (DF)
6474152;Região Central (DF);Plano Piloto (DF)
9638687;Região Central (DF);Plano Piloto (DF)
4519965;Região Central (DF);Plano Piloto (DF)
283495;Região Central (DF);Plano Piloto (DF)
3107973;Região Central (DF);Plano Piloto (DF)
3449009;Região Central (DF);Plano Piloto (DF)
4623967;Região Central (DF);Plano Piloto (DF)
5290945;Região Central (DF);Plano Piloto (DF)
3973182;Região Central (DF);Plano Piloto (DF)
6224288;Região Central (DF);Plano Piloto (DF)
407259;Região Central (DF);Plano Piloto (DF)
3434753;Região Central (DF);Plano Piloto (DF)
219509;Região Central (DF);Plano Piloto (DF)
9850325;Região Central (DF);Plano Piloto (DF)
4744705;Região Central (DF);Plano Piloto (DF)
9590080;Região Central (DF);Plano Piloto (DF)
887536;Região Central (DF);Plano Piloto (DF)
3981886;Região Central (DF);Plano Piloto (DF)
7418957;Região Central (DF);Plano Piloto (DF)
3932303;Região Central (DF);Plano Piloto (DF)
4067029;Região Central (DF);Plano Piloto (DF)
5555655;Região Central (DF);Plano Piloto (DF)
562343;Região Central (DF);Plano Piloto (DF)
3575861;Região Central (DF);Plano Piloto (DF)
3068056;Região Central (DF);Plano Piloto (DF)
5026962;Região Central (DF);Plano Piloto (DF)
4558715;Região Central (DF);Plano Piloto (DF)
4774388;Região Central (DF);Plano Piloto (DF)
3210812;Região Central (DF);Plano Piloto (DF)
4646606;Região Central (DF);Plano Piloto (DF)
9887962;Região Central (DF);Plano Piloto (DF)
4905059;Região Central (DF);Plano Piloto (DF)
4474260;Região Central (DF);Plano Piloto (DF)
4684559;Região Central (DF);Plano Piloto (DF)
4927419;Região Central (DF);Plano Piloto (DF)
4613767;Região Central (DF);Plano Piloto (DF)
4966333;Região Central (DF);Plano Piloto (DF)
373869;Região Central (DF);Plano Piloto (DF)
4613465;Região Central (DF);Plano Piloto (DF)
3504557;Região Central (DF);Plano Piloto (DF)
6885608;Região Central (DF);Plano Piloto (DF)
6308880;Região Central (DF);Plano Piloto (DF)
7581246;Região Central (DF);Plano Piloto (DF)
4501985;Região Central (DF);Plano Piloto (DF)
4567323;Região Central (DF);Plano Piloto (DF)
7599544;Região Central (DF);Plano Piloto (DF)
4793986;Região Central (DF);Plano Piloto (DF)
4974093;Região Central (DF);Plano Piloto (DF)
4524934;Região Central (DF);Plano Piloto (DF)
4865014;Região Central (DF);Plano Piloto (DF)
9801219;Região Central (DF);Plano Piloto (DF)
4520645;Região Central (DF);Plano Piloto (DF)
4612124;Região Central (DF);Plano Piloto (DF)
2839075;Região Central (DF);Plano Piloto (DF)
3504468;Região Central (DF);Plano Piloto (DF)
4598857;Região Central (DF);Plano Piloto (DF)
3470121;Região Central (DF);Plano Piloto (DF)
6183794;Região Central (DF);Plano Piloto (DF)
4858581;Região Central (DF);Plano Piloto (DF)
955493;Região Central (DF);Plano Piloto (DF)
4515013;Região Central (DF);Plano Piloto (DF)
4961951;Região Central (DF);Plano Piloto (DF)
5424038;Região Central (DF);Plano Piloto (DF)
3253473;Região Central (DF);Plano Piloto (DF)
9551360;Região Central (DF);Plano Piloto (DF)
4462750;Região Central (DF);Plano Piloto (DF)
9546103;Região Central (DF);Plano Piloto (DF)
9561110;Região Central (DF);Plano Piloto (DF)
4589734;Região Central (DF);Plano Piloto (DF)
9693351;Região Central (DF);Plano Piloto (DF)
3908585;Região Central (DF);Plano Piloto (DF)
9636145;Região Central (DF);Plano Piloto (DF)
3273881;Região Central (DF);Plano Piloto (DF)
4844289;Região Central (DF);Plano Piloto (DF)
4917383;Região Central (DF);Plano Piloto (DF)
9767754;Região Central (DF);Plano Piloto (DF)
3806766;Região Central (DF);Plano Piloto (DF)
6707408;Região Central (DF);Plano Piloto (DF)
5079012;Região Central (DF);Plano Piloto (DF)
4876229;Região Central (DF);Plano Piloto (DF)
4705947;Região Central (DF);Plano Piloto (DF)
50202;Região Central (DF);Plano Piloto (DF)
4524527;Região Central (DF);Plano Piloto (DF)
73164;Região Central (DF);Plano Piloto (DF)
7901674;Região Central (DF);Plano Piloto (DF)
440892;Região Central (DF);Plano Piloto (DF)
9761985;Região Central (DF);Plano Piloto (DF)
2617595;Região Central (DF);Plano Piloto (DF)
4119061;Região Central (DF);Plano Piloto (DF)
5003598;Região Central (DF);Plano Piloto (DF)
4522389;Região Central (DF);Plano Piloto (DF)
9849599;Região Central (DF);Plano Piloto (DF)
9540628;Região Central (DF);Plano Piloto (DF)
4739140;Região Central (DF);Plano Piloto (DF)
3576167;Região Central (DF);Plano Piloto (DF)
3266109;Região Central (DF);Plano Piloto (DF)
9570705;Região Central (DF);Plano Piloto (DF)
633100;Região Central (DF);Plano Piloto (DF)
7263414;Região Central (DF);Plano Piloto (DF)
2921367;Região Central (DF);Plano Piloto (DF)
3462447;Região Central (DF);Plano Piloto (DF)
3421643;Região Central (DF);Plano Piloto (DF)
4409744;Região Central (DF);Plano Piloto (DF)
3438600;Região Central (DF);Plano Piloto (DF)
7980485;Região Central (DF);Plano Piloto (DF)
7263430;Região Central (DF);Plano Piloto (DF)
4693094;Região Central (DF);Plano Piloto (DF)
4650174;Região Central (DF);Plano Piloto (DF)
5722411;Região Central (DF);Plano Piloto (DF)
940941;Região Central (DF);Plano Piloto (DF)
3462420;Região Central (DF);Plano Piloto (DF)
9193804;Região Central (DF);Plano Piloto (DF)
3330362;Região Central (DF);Plano Piloto (DF)
3212750;Região Central (DF);Plano Piloto (DF)
4501993;Região Central (DF);Sudoeste/Octogonal (DF)
4088115;Região Central (DF);Sudoeste/Octogonal (DF)
4836057;Região Central (DF);Sudoeste/Octogonal (DF)
9119965;Região Central (DF);Cruzeiro (DF)
7434731;Região Central (DF);Cruzeiro (DF)
4596862;Região Central (DF);Cruzeiro (DF)
2907453;Região Central (DF);Cruzeiro (DF)
6394590;Região Central (DF);Sudoeste/Octogonal (DF)
4610059;Região Central (DF);Sudoeste/Octogonal (DF)
4070208;Região Central (DF);Sudoeste/Octogonal (DF)
2937476;Região Central (DF);Sudoeste/Octogonal (DF)
892661;Região Central (DF);Sudoeste/Octogonal (DF)
4449665;Região Central (DF);Sudoeste/Octogonal (DF)
4949331;Região Central (DF);Sudoeste/Octogonal (DF)
4595793;Região Central (DF);Sudoeste/Octogonal (DF)
7646291;Região Central (DF);Sudoeste/Octogonal (DF)
3355470;Região Central (DF);Sudoeste/Octogonal (DF)
3517705;Região Central (DF);Sudoeste/Octogonal (DF)
4807294;Região Central (DF);Sudoeste/Octogonal (DF)
382612;Região Central (DF);Sudoeste/Octogonal (DF)
4537386;Região Central (DF);Sudoeste/Octogonal (DF)
955973;Região Central (DF);Sudoeste/Octogonal (DF)
2866773;Região Central (DF);Sudoeste/Octogonal (DF)
9098038;Região Central (DF);Sudoeste/Octogonal (DF)
5381037;Região Central (DF);Sudoeste/Octogonal (DF)
3697436;Região Central (DF);Sudoeste/Octogonal (DF)
401404;Região Central (DF);Sudoeste/Octogonal (DF)
5558425;Região Central (DF);Sudoeste/Octogonal (DF)
4609840;Região Central (DF);Plano Piloto (DF)
4112504;Região Central (DF);Plano Piloto (DF)
2866994;Região Central (DF);Plano Piloto (DF)
4537157;Região Central (DF);Plano Piloto (DF)
509159;Região Central (DF);Plano Piloto (DF)
6381278;Região Central (DF);Plano Piloto (DF)
4083598;Região Central (DF);Plano Piloto (DF)
9841067;Região Central (DF);Plano Piloto (DF)
4201132;Região Central (DF);Plano Piloto (DF)
4577485;Região Central (DF);Plano Piloto (DF)
3256847;Região Central (DF);Plano Piloto (DF)
264628;Região Central (DF);Plano Piloto (DF)
5078970;Região Central (DF);Plano Piloto (DF)
9891021;Região Central (DF);Plano Piloto (DF)
987301;Região Central (DF);Plano Piloto (DF)
6579078;Região Central (DF);Plano Piloto (DF)
3086119;Região Central (DF);Plano Piloto (DF)
4966414;Região Central (DF);Plano Piloto (DF)
7797540;Região Central (DF);Plano Piloto (DF)
6567169;Região Central (DF);Plano Piloto (DF)
3836673;Região Central (DF);Plano Piloto (DF)
2847981;Região Central (DF);Plano Piloto (DF)
432857;Região Central (DF);Plano Piloto (DF)
9460411;Região Central (DF);Plano Piloto (DF)
4481925;Região Central (DF);Plano Piloto (DF)
9938877;Região Central (DF);Plano Piloto (DF)
3305686;Região Central (DF);Plano Piloto (DF)
3879526;Região Central (DF);Plano Piloto (DF)
2961628;Região Central (DF);Plano Piloto (DF)
7913923;Região Central (DF);Plano Piloto (DF)
6291163;Região Central (DF);Plano Piloto (DF)
4663551;Região Central (DF);Plano Piloto (DF)
9877576;Região Central (DF);Plano Piloto (DF)
7314655;Região Central (DF);Plano Piloto (DF)
4467108;Região Central (DF);Plano Piloto (DF)
3524876;Região Central (DF);Plano Piloto (DF)
5712882;Região Central (DF);Plano Piloto (DF)
9181040;Região Central (DF);Plano Piloto (DF)
2871157;Região Central (DF);Plano Piloto (DF)
7043872;Região Central (DF);Plano Piloto (DF)
4540131;Região Central (DF);Plano Piloto (DF)
4772075;Região Central (DF);Plano Piloto (DF)
874558;Região Central (DF);Plano Piloto (DF)
4516184;Região Central (DF);Plano Piloto (DF)
6573924;Região Central (DF);Plano Piloto (DF)
4411064;Região Central (DF);Plano Piloto (DF)
7935153;Região Central (DF);Plano Piloto (DF)
9858156;Região Central (DF);Plano Piloto (DF)
4962990;Região Central (DF);Plano Piloto (DF)
9372091;Região Central (DF);Plano Piloto (DF)
4644328;Região Central (DF);Plano Piloto (DF)
3975657;Região Central (DF);Plano Piloto (DF)
5553296;Região Central (DF);Plano Piloto (DF)
4547705;Região Central (DF);Plano Piloto (DF)
7024959;Região Central (DF);Plano Piloto (DF)
9798838;Região Central (DF);Plano Piloto (DF)
2893525;Região Central (DF);Plano Piloto (DF)
901768;Região Central (DF);Plano Piloto (DF)
4419588;Região Central (DF);Plano Piloto (DF)
4578767;Região Central (DF);Plano Piloto (DF)
9940804;Região Central (DF);Plano Piloto (DF)
4511778;Região Central (DF);Plano Piloto (DF)
4550765;Região Central (DF);Plano Piloto (DF)
9560823;Região Central (DF);Plano Piloto (DF)
4501705;Região Central (DF);Plano Piloto (DF)
6667023;Região Central (DF);Plano Piloto (DF)
4642120;Região Central (DF);Plano Piloto (DF)
3354245;Região Central (DF);Plano Piloto (DF)
4610601;Região Central (DF);Plano Piloto (DF)
3434745;Região Central (DF);Plano Piloto (DF)
9474374;Região Central (DF);Plano Piloto (DF)
4573323;Região Central (DF);Plano Piloto (DF)
9791167;Região Central (DF);Plano Piloto (DF)
7488998;Região Central (DF);Plano Piloto (DF)
4673395;Região Central (DF);Plano Piloto (DF)
4918940;Região Central (DF);Plano Piloto (DF)
5108314;Região Central (DF);Plano Piloto (DF)
9587195;Região Central (DF);Plano Piloto (DF)
4439260;Região Central (DF);Plano Piloto (DF)
4501675;Região Central (DF);Plano Piloto (DF)
4548671;Região Central (DF);Plano Piloto (DF)
5424623;Região Central (DF);Plano Piloto (DF)
3822109;Região Central (DF);Plano Piloto (DF)
4426037;Região Central (DF);Plano Piloto (DF)
4515536;Região Central (DF);Plano Piloto (DF)
5252490;Região Central (DF);Plano Piloto (DF)
942014;Região Central (DF);Plano Piloto (DF)
4692659;Região Central (DF);Plano Piloto (DF)
9928138;Região Central (DF);Plano Piloto (DF)
4509234;Região Central (DF);Plano Piloto (DF)
7380321;Região Central (DF);Plano Piloto (DF)
4876970;Região Central (DF);Plano Piloto (DF)
253928;Região Central (DF);Plano Piloto (DF)
7842333;Região Central (DF);Plano Piloto (DF)
4777190;Região Central (DF);Plano Piloto (DF)
4611675;Região Central (DF);Plano Piloto (DF)
4473167;Região Central (DF);Plano Piloto (DF)
4488539;Região Central (DF);Plano Piloto (DF)
925713;Região Central (DF);Plano Piloto (DF)
6547184;Região Central (DF);Plano Piloto (DF)
4609808;Região Centro-Sul (DF);Guará (DF)
4615077;Região Centro-Sul (DF);Guará (DF)
4669312;Região Centro-Sul (DF);Guará (DF)
4609425;Região Centro-Sul (DF);Guará (DF)
4917413;Região Centro-Sul (DF);Guará (DF)
3717801;Região Centro-Sul (DF);Guará (DF)
3076180;Região Centro-Sul (DF);Guará (DF)
4172965;Região Centro-Sul (DF);Guará (DF)
9798153;Região Centro-Sul (DF);Guará (DF)
4482425;Região Centro-Sul (DF);Guará (DF)
6358667;Região Centro-Sul (DF);Guará (DF)
5541212;Região Centro-Sul (DF);Guará (DF)
4854063;Região Centro-Sul (DF);Guará (DF)
4714784;Região Centro-Sul (DF);Guará (DF)
4481496;Região Centro-Sul (DF);Guará (DF)
2860023;Região Centro-Sul (DF);SIA (DF)
4714997;Região Centro-Sul (DF);Guará (DF)
4614534;Região Centro-Sul (DF);Guará (DF)
3879488;Região Centro-Sul (DF);Guará (DF)
200131;Região Centro-Sul (DF);Guará (DF)
155918;Região Centro-Sul (DF);Guará (DF)
6672809;Região Central (DF);Lago Norte (DF)
4938364;Região Central (DF);Lago Norte (DF)
9940790;Região Central (DF);Lago Norte (DF)
163902;Região Central (DF);Lago Norte (DF)
9672141;Região Central (DF);Lago Norte (DF)
9728473;Região Central (DF);Lago Norte (DF)
2907526;Região Central (DF);Lago Norte (DF)
3597040;Região Central (DF);Lago Norte (DF)
5704294;Região Leste (DF);Paranoá (DF)
4948653;Região Leste (DF);Paranoá (DF)
4005015;Região Leste (DF);Paranoá (DF)
887935;Região Leste (DF);Itapoã (DF)
690015;Região Central (DF);Lago Sul (DF)
4710398;Região Central (DF);Lago Sul (DF)
773646;Região Central (DF);Lago Sul (DF)
3880834;Região Central (DF);Lago Sul (DF)
9555889;Região Central (DF);Lago Sul (DF)
3275833;Região Central (DF);Lago Sul (DF)
6732356;Região Central (DF);Lago Sul (DF)
3093840;Região Central (DF);Lago Sul (DF)
3394034;Região Central (DF);Lago Sul (DF)
4525019;Região Central (DF);Lago Sul (DF)
9739386;Região Central (DF);Lago Sul (DF)
6447929;Região Central (DF);Lago Sul (DF)
4805178;Região Leste (DF);Jardim Botânico (DF)
5445809;Região Leste (DF);Jardim Botânico (DF)
2857723;Região Leste (DF);Jardim Botânico (DF)
9092838;Região Central (DF);Plano Piloto (DF)
4727274;Região Leste (DF);Jardim Botânico (DF)
4607260;Região Leste (DF);Jardim Botânico (DF)
4528743;Região Leste (DF);São Sebastião (DF)
4294513;Região Centro-Sul (DF);Candangolândia (DF)
4668642;Região Centro-Sul (DF);Candangolândia (DF)
9328440;Região Centro-Sul (DF);Candangolândia (DF)
4575628;Região Centro-Sul (DF);Riacho Fundo II (DF)
7542348;Região Sudoeste (DF);Águas Claras (DF)
3426815;Região Sudoeste (DF);Águas Claras (DF)
4455576;Região Sudoeste (DF);Águas Claras (DF)
668141;Região Sudoeste (DF);Águas Claras (DF)
3867617;Região Sudoeste (DF);Águas Claras (DF)
7949421;Região Sudoeste (DF);Águas Claras (DF)
75043;Região Sudoeste (DF);Águas Claras (DF)
7617569;Região Sudoeste (DF);Águas Claras (DF)
2796961;Região Sudoeste (DF);Águas Claras (DF)
4574796;Região Sudoeste (DF);Águas Claras (DF)
2935228;Região Sudoeste (DF);Águas Claras (DF)
839345;Região Sudoeste (DF);Águas Claras (DF)
897736;Região Sudoeste (DF);Águas Claras (DF)
4934326;Região Sudoeste (DF);Águas Claras (DF)
4632915;Região Sudoeste (DF);Águas Claras (DF)
4486145;Região Sudoeste (DF);Águas Claras (DF)
4698460;Região Sudoeste (DF);Águas Claras (DF)
9697004;Região Sudoeste (DF);Águas Claras (DF)
4117662;Região Sudoeste (DF);Águas Claras (DF)
4727800;Região Sudoeste (DF);Águas Claras (DF)
3778177;Região Sudoeste (DF);Águas Claras (DF)
4520459;Região Sudoeste (DF);Águas Claras (DF)
4854160;Região Sudoeste (DF);Águas Claras (DF)
4290542;Região Sudoeste (DF);Águas Claras (DF)
770205;Região Sudoeste (DF);Águas Claras (DF)
4527291;Região Sudoeste (DF);Águas Claras (DF)
4547934;Região Sudoeste (DF);Águas Claras (DF)
4684273;Região Sudoeste (DF);Águas Claras (DF)
4550447;Região Sudoeste (DF);Águas Claras (DF)
4608593;Região Sudoeste (DF);Águas Claras (DF)
303399;Região Sudoeste (DF);Águas Claras (DF)
4690060;Região Sudoeste (DF);Águas Claras (DF)
9809872;Região Sudoeste (DF);Águas Claras (DF)
4790367;Região Sudoeste (DF);Águas Claras (DF)
9186255;Região Sudoeste (DF);Águas Claras (DF)
4189736;Região Sudoeste (DF);Águas Claras (DF)
9230785;Região Sudoeste (DF);Águas Claras (DF)
895504;Região Sudoeste (DF);Águas Claras (DF)
4546792;Região Sudoeste (DF);Águas Claras (DF)
3794083;Região Sudoeste (DF);Águas Claras (DF)
895520;Região Sudoeste (DF);Águas Claras (DF)
191566;Região Sudoeste (DF);Águas Claras (DF)
3683265;Região Sudoeste (DF);Águas Claras (DF)
809640;Região Sudoeste (DF);Águas Claras (DF)
4550986;Região Sudoeste (DF);Águas Claras (DF)
4099788;Região Sudoeste (DF);Águas Claras (DF)
4347595;Região Sudoeste (DF);Águas Claras (DF)
4375483;Região Sudoeste (DF);Águas Claras (DF)
4330773;Região Sudoeste (DF);Águas Claras (DF)
9727388;Região Sudoeste (DF);Águas Claras (DF)
4563239;Região Sudoeste (DF);Águas Claras (DF)
4869842;Região Sudoeste (DF);Águas Claras (DF)
108286;Região Sudoeste (DF);Águas Claras (DF)
2992434;Região Sudoeste (DF);Águas Claras (DF)
9717781;Região Sudoeste (DF);Águas Claras (DF)
6938957;Região Sudoeste (DF);Águas Claras (DF)
9184686;Região Sudoeste (DF);Águas Claras (DF)
4526236;Região Sudoeste (DF);Águas Claras (DF)
4493699;Região Sudoeste (DF);Águas Claras (DF)
4650379;Região Sudoeste (DF);Águas Claras (DF)
4637739;Região Sudoeste (DF);Águas Claras (DF)
623679;Região Sudoeste (DF);Águas Claras (DF)
2893436;Região Sudoeste (DF);Águas Claras (DF)
4944348;Região Sudoeste (DF);Águas Claras (DF)
4525884;Região Sudoeste (DF);Águas Claras (DF)
3596893;Região Sudoeste (DF);Águas Claras (DF)
7913273;Região Sudoeste (DF);Águas Claras (DF)
3074196;Região Sudoeste (DF);Águas Claras (DF)
9784802;Região Sudoeste (DF);Águas Claras (DF)
4433564;Região Sudoeste (DF);Águas Claras (DF)
4536487;Região Sudoeste (DF);Águas Claras (DF)
4580974;Região Sudoeste (DF);Águas Claras (DF)
4383338;Região Sudoeste (DF);Águas Claras (DF)
521027;Região Sudoeste (DF);Águas Claras (DF)
4418964;Região Sudoeste (DF);Águas Claras (DF)
4878035;Região Sudoeste (DF);Arniqueira (DF)
4656008;Região Sudoeste (DF);Vicente Pires (DF)
4609816;Região Sudoeste (DF);Vicente Pires (DF)
9673121;Região Sudoeste (DF);Vicente Pires (DF)
4636899;Região Sudoeste (DF);Vicente Pires (DF)
4570499;Região Sudoeste (DF);Vicente Pires (DF)
9307184;Região Sudoeste (DF);Taguatinga (DF)
489379;Região Sudoeste (DF);Taguatinga (DF)
4596196;Região Sudoeste (DF);Taguatinga (DF)
5558298;Região Sudoeste (DF);Taguatinga (DF)
2997754;Região Sudoeste (DF);Taguatinga (DF)
4612043;Região Sudoeste (DF);Taguatinga (DF)
3281167;Região Sudoeste (DF);Taguatinga (DF)
945056;Região Sudoeste (DF);Taguatinga (DF)
4615115;Região Sudoeste (DF);Taguatinga (DF)
7701217;Região Sudoeste (DF);Taguatinga (DF)
9131248;Região Sudoeste (DF);Taguatinga (DF)
6617018;Região Sudoeste (DF);Taguatinga (DF)
966916;Região Sudoeste (DF);Taguatinga (DF)
4719794;Região Sudoeste (DF);Taguatinga (DF)
4864425;Região Sudoeste (DF);Taguatinga (DF)
4482247;Região Sudoeste (DF);Taguatinga (DF)
9648747;Região Sudoeste (DF);Taguatinga (DF)
9356444;Região Sudoeste (DF);Taguatinga (DF)
4200632;Região Sudoeste (DF);Taguatinga (DF)
4777794;Região Sudoeste (DF);Taguatinga (DF)
532134;Região Sudoeste (DF);Taguatinga (DF)
4863143;Região Sudoeste (DF);Taguatinga (DF)
4511719;Região Sudoeste (DF);Taguatinga (DF)
4483081;Região Sudoeste (DF);Taguatinga (DF)
3341356;Região Sudoeste (DF);Taguatinga (DF)
6919693;Região Sudoeste (DF);Taguatinga (DF)
9404260;Região Sudoeste (DF);Taguatinga (DF)
632147;Região Sudoeste (DF);Taguatinga (DF)
4393635;Região Sudoeste (DF);Taguatinga (DF)
9342575;Região Sudoeste (DF);Taguatinga (DF)
4609212;Região Sudoeste (DF);Taguatinga (DF)
4650255;Região Sudoeste (DF);Taguatinga (DF)
4664485;Região Sudoeste (DF);Taguatinga (DF)
9940693;Região Sudoeste (DF);Taguatinga (DF)
5286174;Região Sudoeste (DF);Taguatinga (DF)
6243606;Região Sudoeste (DF);Taguatinga (DF)
6283519;Região Sudoeste (DF);Taguatinga (DF)
947709;Região Sudoeste (DF);Taguatinga (DF)
3067246;Região Sudoeste (DF);Taguatinga (DF)
881627;Região Sudoeste (DF);Taguatinga (DF)
969443;Região Sudoeste (DF);Taguatinga (DF)
9641017;Região Sudoeste (DF);Taguatinga (DF)
9625445;Região Sudoeste (DF);Taguatinga (DF)
706329;Região Sudoeste (DF);Taguatinga (DF)
4512170;Região Sudoeste (DF);Taguatinga (DF)
4501748;Região Sudoeste (DF);Taguatinga (DF)
4522575;Região Sudoeste (DF);Taguatinga (DF)
5480868;Região Sudoeste (DF);Taguatinga (DF)
4555791;Região Sudoeste (DF);Taguatinga (DF)
3179915;Região Oeste (DF);Ceilândia (DF)
4922077;Região Oeste (DF);Ceilândia (DF)
9912444;Região Oeste (DF);Ceilândia (DF)
4522028;Região Oeste (DF);Ceilândia (DF)
4424743;Região Oeste (DF);Ceilândia (DF)
4288890;Região Oeste (DF);Ceilândia (DF)
4096681;Região Oeste (DF);Ceilândia (DF)
9853839;Região Oeste (DF);Ceilândia (DF)
9864458;Região Oeste (DF);Ceilândia (DF)
990787;Região Oeste (DF);Ceilândia (DF)
6648657;Região Oeste (DF);Ceilândia (DF)
4860683;Região Oeste (DF);Ceilândia (DF)
4682297;Região Oeste (DF);Ceilândia (DF)
4639537;Região Oeste (DF);Ceilândia (DF)
4571487;Região Oeste (DF);Ceilândia (DF)
6527329;Região Oeste (DF);Ceilândia (DF)
9841792;Região Oeste (DF);Ceilândia (DF)
9274987;Região Oeste (DF);Ceilândia (DF)
4670973;Região Sudoeste (DF);Samambaia (DF)
418102;Região Sudoeste (DF);Samambaia (DF)
9869107;Região Sudoeste (DF);Samambaia (DF)
3951936;Região Sudoeste (DF);Samambaia (DF)
6559662;Região Sudoeste (DF);Samambaia (DF)
4248821;Região Sudoeste (DF);Samambaia (DF)
5558077;Região Sudoeste (DF);Samambaia (DF)
4611144;Região Sudoeste (DF);Samambaia (DF)
4540050;Região Sudoeste (DF);Samambaia (DF)
9684530;Região Sudoeste (DF);Samambaia (DF)
4727843;Região Sul (DF);Gama (DF)
4034686;Região Sul (DF);Gama (DF)
726362;Região Sul (DF);Gama (DF)
4712528;Região Sul (DF);Gama (DF)
4101855;Região Sul (DF);Gama (DF)
4704606;Região Sul (DF);Gama (DF)
9240683;Região Sul (DF);Gama (DF)
4852427;Região Sul (DF);Gama (DF)
3499723;Região Sul (DF);Gama (DF)
4575695;Região Sul (DF);Gama (DF)
4494091;Região Sul (DF);Gama (DF)
4341317;Região Sul (DF);Gama (DF)
2850850;Região Sul (DF);Gama (DF)
4724747;Região Sul (DF);Gama (DF)
7961669;Região Sul (DF);Gama (DF)
4430166;Região Sul (DF);Gama (DF)
4444817;Região Sul (DF);Gama (DF)
211435;Região Sul (DF);Gama (DF)
4532554;Região Sul (DF);Gama (DF)
4041305;Região Sul (DF);Gama (DF)
7028792;Região Sul (DF);Gama (DF)
4713923;Região Sul (DF);Gama (DF)
4410890;Região Sul (DF);Gama (DF)
4921232;Região Sul (DF);Gama (DF)
4607945;Região Sul (DF);Gama (DF)
4606485;Região Sul (DF);Gama (DF)
9923993;Região Sul (DF);Gama (DF)
4687914;Região Sul (DF);Gama (DF)
3316971;Região Sudoeste (DF);Recanto das Emas (DF)
9181032;Região Sudoeste (DF);Recanto das Emas (DF)
9895752;Região Sudoeste (DF);Recanto das Emas (DF)
2937190;Região Sudoeste (DF);Recanto das Emas (DF)
839361;Região Sudoeste (DF);Recanto das Emas (DF)
3379752;Região Sudoeste (DF);Recanto das Emas (DF)
4018753;Região Oeste (DF);Brazlândia (DF)
5175992;Região Norte (DF);Sobradinho (DF)
5553172;Região Norte (DF);Sobradinho (DF)
4829654;Região Norte (DF);Sobradinho (DF)
4193784;Região Norte (DF);Sobradinho (DF)
464392;Região Norte (DF);Sobradinho (DF)
4546539;Região Norte (DF);Sobradinho (DF)
4062035;Região Norte (DF);Sobradinho (DF)
4278437;Região Norte (DF);Sobradinho (DF)
4565800;Região Norte (DF);Sobradinho II (DF)
4042271;Região Norte (DF);Sobradinho II (DF)
4800125;Região Norte (DF);Sobradinho (DF)
4643666;Região Norte (DF);Sobradinho (DF)
3303659;Região Norte (DF);Planaltina (DF)
8435;Região Norte (DF);Planaltina (DF)
4051386;Região Norte (DF);Planaltina (DF)
3697274;Região Norte (DF);Planaltina (DF)
967068;Região Central (DF);Plano Piloto (DF)
41858;Região Central (DF);Plano Piloto (DF)
934941;Região Central (DF);Plano Piloto (DF)
3146022;Região Central (DF);Plano Piloto (DF)
3078795;Região Central (DF);Plano Piloto (DF)
3180670;Região Central (DF);Plano Piloto (DF)
4780566;Região Central (DF);Plano Piloto (DF)
9976787;Região Central (DF);Plano Piloto (DF)
7801068;Região Central (DF);Plano Piloto (DF)
700967;Região Central (DF);Plano Piloto (DF)
4107918;Região Central (DF);Plano Piloto (DF)
3535339;Região Central (DF);Plano Piloto (DF)
4034821;Região Central (DF);Plano Piloto (DF)
532150;Região Central (DF);Plano Piloto (DF)
9987010;Região Central (DF);Plano Piloto (DF)
838160;Região Central (DF);Plano Piloto (DF)
4645936;Região Central (DF);Plano Piloto (DF)
659509;Região Central (DF);Plano Piloto (DF)
4565096;Região Central (DF);Plano Piloto (DF)
7950187;Região Central (DF);Plano Piloto (DF)
686824;Região Central (DF);Plano Piloto (DF)
4408187;Região Central (DF);Plano Piloto (DF)
7975325;Região Central (DF);Plano Piloto (DF)
7280866;Região Central (DF);Plano Piloto (DF)
4521617;Região Central (DF);Plano Piloto (DF)
9126856;Região Central (DF);Plano Piloto (DF)
219541;Região Central (DF);Plano Piloto (DF)
4339312;Região Central (DF);Plano Piloto (DF)
2866307;Região Central (DF);Plano Piloto (DF)
417521;Região Central (DF);Plano Piloto (DF)
4126769;Região Central (DF);Plano Piloto (DF)
2962209;Região Central (DF);Plano Piloto (DF)
9806709;Região Central (DF);Plano Piloto (DF)
9733825;Região Central (DF);Plano Piloto (DF)
2973359;Região Central (DF);Plano Piloto (DF)
9297391;Região Central (DF);Plano Piloto (DF)
9768394;Região Central (DF);Plano Piloto (DF)
9958738;Região Central (DF);Plano Piloto (DF)
4375440;Região Central (DF);Plano Piloto (DF)
4213297;Região Central (DF);Plano Piloto (DF)
7162650;Região Central (DF);Plano Piloto (DF)
9744940;Região Central (DF);Plano Piloto (DF)
4067134;Região Central (DF);Plano Piloto (DF)
9566821;Região Central (DF);Plano Piloto (DF)
7981538;Região Central (DF);Plano Piloto (DF)
673382;Região Central (DF);Plano Piloto (DF)
7244630;Região Central (DF);Plano Piloto (DF)
190292;Região Central (DF);Plano Piloto (DF)
6752373;Região Central (DF);Plano Piloto (DF)
4061187;Região Central (DF);Plano Piloto (DF)
4651715;Região Central (DF);Plano Piloto (DF)
3212971;Região Central (DF);Plano Piloto (DF)
4471253;Região Central (DF);Plano Piloto (DF)
3163709;Região Central (DF);Plano Piloto (DF)
223786;Região Central (DF);Plano Piloto (DF)
4440412;Região Central (DF);Plano Piloto (DF)
9790616;Região Central (DF);Plano Piloto (DF)
5316030;Região Central (DF);Plano Piloto (DF)
9924124;Região Central (DF);Plano Piloto (DF)
3253511;Região Central (DF);Plano Piloto (DF)
3107736;Região Central (DF);Plano Piloto (DF)
4660161;Região Central (DF);Plano Piloto (DF)
9595759;Região Central (DF);Plano Piloto (DF)
9590439;Região Central (DF);Plano Piloto (DF)
4497406;Região Central (DF);Plano Piloto (DF)
4369386;Região Central (DF);Plano Piloto (DF)
2914964;Região Central (DF);Plano Piloto (DF)
6730639;Região Central (DF);Plano Piloto (DF)
2965852;Região Central (DF);Plano Piloto (DF)
4585771;Região Central (DF);Plano Piloto (DF)
940577;Região Central (DF);Plano Piloto (DF)
4662156;Região Central (DF);Plano Piloto (DF)
9337806;Região Central (DF);Plano Piloto (DF)
7487657;Região Central (DF);Plano Piloto (DF)
9164804;Região Central (DF);Plano Piloto (DF)
9823735;Região Central (DF);Plano Piloto (DF)
6025153;Região Central (DF);Plano Piloto (DF)
2890828;Região Central (DF);Plano Piloto (DF)
5478715;Região Central (DF);Plano Piloto (DF)
9808876;Região Central (DF);Plano Piloto (DF)
2976196;Região Central (DF);Plano Piloto (DF)
4321766;Região Central (DF);Plano Piloto (DF)
648132;Região Central (DF);Plano Piloto (DF)
9976701;Região Central (DF);Plano Piloto (DF)
9953248;Região Central (DF);Plano Piloto (DF)
9967478;Região Central (DF);Plano Piloto (DF)
4257138;Região Central (DF);Plano Piloto (DF)
7395167;Região Central (DF);Plano Piloto (DF)
7645929;Região Central (DF);Plano Piloto (DF)
7379986;Região Central (DF);Plano Piloto (DF)
7817568;Região Central (DF);Plano Piloto (DF)
9936165;Região Central (DF);Plano Piloto (DF)
9936459;Região Central (DF);Plano Piloto (DF)
782548;Região Central (DF);Plano Piloto (DF)
5437407;Região Central (DF);Plano Piloto (DF)
7460015;Região Central (DF);Plano Piloto (DF)
826170;Região Central (DF);Plano Piloto (DF)
3059677;Região Central (DF);Plano Piloto (DF)
767875;Região Central (DF);Plano Piloto (DF)
4263138;Região Central (DF);Plano Piloto (DF)
3484440;Região Central (DF);Plano Piloto (DF)
3448983;Região Central (DF);Plano Piloto (DF)
9858172;Região Central (DF);Plano Piloto (DF)
9678832;Região Central (DF);Plano Piloto (DF)
9369058;Região Central (DF);Plano Piloto (DF)
4584554;Região Central (DF);Plano Piloto (DF)
108618;Região Central (DF);Plano Piloto (DF)
4481410;Região Central (DF);Plano Piloto (DF)
4713036;Região Central (DF);Plano Piloto (DF)
9034587;Região Central (DF);Plano Piloto (DF)
4526953;Região Central (DF);Plano Piloto (DF)
9866752;Região Central (DF);Plano Piloto (DF)
3469670;Região Central (DF);Plano Piloto (DF)
4041720;Região Central (DF);Plano Piloto (DF)
3525333;Região Central (DF);Plano Piloto (DF)
3059685;Região Central (DF);Plano Piloto (DF)
4004981;Região Central (DF);Plano Piloto (DF)
4212290;Região Central (DF);Plano Piloto (DF)
3309312;Região Central (DF);Plano Piloto (DF)
7359403;Região Central (DF);Plano Piloto (DF)
2891646;Região Central (DF);Plano Piloto (DF)
5856086;Região Central (DF);Plano Piloto (DF)
3212890;Região Central (DF);Plano Piloto (DF)
3211320;Região Central (DF);Plano Piloto (DF)
3364267;Região Central (DF);Plano Piloto (DF)
5985803;Região Central (DF);Plano Piloto (DF)
3500845;Região Central (DF);Plano Piloto (DF)
2867028;Região Central (DF);Plano Piloto (DF)
119601;Região Central (DF);Plano Piloto (DF)
9632182;Região Central (DF);Plano Piloto (DF)
9601643;Região Central (DF);Plano Piloto (DF)
5032016;Região Central (DF);Plano Piloto (DF)
9368736;Região Central (DF);Plano Piloto (DF)
283460;Região Central (DF);Plano Piloto (DF)
862479;Região Central (DF);Plano Piloto (DF)
4783824;Região Central (DF);Plano Piloto (DF)
7220316;Região Central (DF);Plano Piloto (DF)
3256804;Região Central (DF);Plano Piloto (DF)
3083608;Região Central (DF);Plano Piloto (DF)
4561740;Região Central (DF);Sudoeste/Octogonal (DF)
735221;Região Central (DF);Sudoeste/Octogonal (DF)
4091833;Região Central (DF);Sudoeste/Octogonal (DF)
4373014;Região Central (DF);Cruzeiro (DF)
992909;Região Central (DF);Cruzeiro (DF)
4596900;Região Central (DF);Sudoeste/Octogonal (DF)
7915152;Região Central (DF);Sudoeste/Octogonal (DF)
219843;Região Central (DF);Sudoeste/Octogonal (DF)
3282090;Região Central (DF);Sudoeste/Octogonal (DF)
7404549;Região Central (DF);Sudoeste/Octogonal (DF)
44024;Região Central (DF);Sudoeste/Octogonal (DF)
2993716;Região Central (DF);Sudoeste/Octogonal (DF)
4492196;Região Central (DF);Sudoeste/Octogonal (DF)
9234314;Região Central (DF);Sudoeste/Octogonal (DF)
4208730;Região Central (DF);Sudoeste/Octogonal (DF)
4394674;Região Central (DF);Sudoeste/Octogonal (DF)
4583485;Região Central (DF);Sudoeste/Octogonal (DF)
4722973;Região Central (DF);Plano Piloto (DF)
3634272;Região Central (DF);Plano Piloto (DF)
9706178;Região Central (DF);Plano Piloto (DF)
4412818;Região Central (DF);Plano Piloto (DF)
6692451;Região Central (DF);Plano Piloto (DF)
3104249;Região Central (DF);Plano Piloto (DF)
886890;Região Central (DF);Plano Piloto (DF)
9406514;Região Central (DF);Plano Piloto (DF)
651230;Região Central (DF);Plano Piloto (DF)
4301110;Região Central (DF);Plano Piloto (DF)
3879437;Região Central (DF);Plano Piloto (DF)
7094159;Região Central (DF);Plano Piloto (DF)
5334152;Região Central (DF);Plano Piloto (DF)
987778;Região Central (DF);Plano Piloto (DF)
2890747;Região Central (DF);Plano Piloto (DF)
2895668;Região Central (DF);Plano Piloto (DF)
767557;Região Central (DF);Plano Piloto (DF)
9990348;Região Central (DF);Plano Piloto (DF)
3160912;Região Central (DF);Plano Piloto (DF)
7711239;Região Central (DF);Plano Piloto (DF)
7743130;Região Central (DF);Plano Piloto (DF)
3177726;Região Central (DF);Plano Piloto (DF)
3330664;Região Central (DF);Plano Piloto (DF)
4338189;Região Central (DF);Plano Piloto (DF)
3330834;Região Central (DF);Plano Piloto (DF)
119571;Região Central (DF);Plano Piloto (DF)
9639403;Região Central (DF);Plano Piloto (DF)
2930072;Região Central (DF);Plano Piloto (DF)
520144;Região Central (DF);Plano Piloto (DF)
6890180;Região Central (DF);Plano Piloto (DF)
5468310;Região Central (DF);Plano Piloto (DF)
6750141;Região Central (DF);Plano Piloto (DF)
980129;Região Central (DF);Plano Piloto (DF)
3023451;Região Central (DF);Plano Piloto (DF)
7493789;Região Central (DF);Plano Piloto (DF)
9529918;Região Central (DF);Plano Piloto (DF)
7029004;Região Central (DF);Plano Piloto (DF)
906840;Região Central (DF);Plano Piloto (DF)
9715371;Região Central (DF);Plano Piloto (DF)
9307699;Região Central (DF);Plano Piloto (DF)
3077276;Região Central (DF);Plano Piloto (DF)
4949978;Região Central (DF);Plano Piloto (DF)
4061055;Região Central (DF);Plano Piloto (DF)
3973093;Região Central (DF);Plano Piloto (DF)
4553489;Região Central (DF);Plano Piloto (DF)
7951124;Região Central (DF);Plano Piloto (DF)
7395612;Região Central (DF);Plano Piloto (DF)
4945603;Região Central (DF);Plano Piloto (DF)
6930344;Região Central (DF);Plano Piloto (DF)
9338012;Região Central (DF);Plano Piloto (DF)
4518470;Região Central (DF);Plano Piloto (DF)
9658521;Região Central (DF);Plano Piloto (DF)
57738;Região Central (DF);Plano Piloto (DF)
5510686;Região Central (DF);Plano Piloto (DF)
4301145;Região Central (DF);Plano Piloto (DF)
2926105;Região Central (DF);Plano Piloto (DF)
4676424;Região Central (DF);Plano Piloto (DF)
4166485;Região Central (DF);Plano Piloto (DF)
4216652;Região Central (DF);Plano Piloto (DF)
4046803;Região Central (DF);Plano Piloto (DF)
9983015;Região Central (DF);Plano Piloto (DF)
4684192;Região Central (DF);Plano Piloto (DF)
3262553;Região Central (DF);Plano Piloto (DF)
7075979;Região Central (DF);Plano Piloto (DF)
785954;Região Central (DF);Plano Piloto (DF)
4513142;Região Central (DF);Plano Piloto (DF)
9529675;Região Central (DF);Plano Piloto (DF)
9158693;Região Central (DF);Plano Piloto (DF)
886254;Região Central (DF);Plano Piloto (DF)
9548238;Região Central (DF);Plano Piloto (DF)
9148965;Região Centro-Sul (DF);Guará (DF)
5438098;Região Centro-Sul (DF);Guará (DF)
639893;Região Centro-Sul (DF);Guará (DF)
7982348;Região Centro-Sul (DF);Guará (DF)
9539670;Região Centro-Sul (DF);Guará (DF)
4510631;Região Centro-Sul (DF);Guará (DF)
9207082;Região Centro-Sul (DF);Guará (DF)
9974016;Região Centro-Sul (DF);Guará (DF)
4283856;Região Centro-Sul (DF);Guará (DF)
3650154;Região Centro-Sul (DF);SIA (DF)
5281016;Região Centro-Sul (DF);Guará (DF)
2893371;Região Central (DF);Lago Norte (DF)
4777247;Região Leste (DF);Paranoá (DF)
4199987;Região Central (DF);Lago Sul (DF)
9951830;Região Central (DF);Lago Sul (DF)
4665090;Região Central (DF);Lago Sul (DF)
9689176;Região Central (DF);Lago Sul (DF)
3991024;Região Central (DF);Lago Sul (DF)
4383931;Região Central (DF);Lago Sul (DF)
3093883;Região Central (DF);Lago Sul (DF)
9678735;Região Central (DF);Lago Sul (DF)
3461874;Região Central (DF);Lago Sul (DF)
4169786;Região Leste (DF);Jardim Botânico (DF)
754595;Região Leste (DF);Jardim Botânico (DF)
4147170;Região Leste (DF);Jardim Botânico (DF)
4719182;Região Leste (DF);Jardim Botânico (DF)
4248619;Região Leste (DF);Jardim Botânico (DF)
668206;Região Leste (DF);São Sebastião (DF)
805335;Região Leste (DF);São Sebastião (DF)
922765;Região Centro-Sul (DF);Núcleo Bandeirante (DF)
9800069;Região Centro-Sul (DF);Núcleo Bandeirante (DF)
6692850;Região Sudoeste (DF);Águas Claras (DF)
4157427;Região Sudoeste (DF);Águas Claras (DF)
9961240;Região Sudoeste (DF);Águas Claras (DF)
2892286;Região Sudoeste (DF);Águas Claras (DF)
4612787;Região Sudoeste (DF);Águas Claras (DF)
2941309;Região Sudoeste (DF);Águas Claras (DF)
943932;Região Sudoeste (DF);Águas Claras (DF)
4477537;Região Sudoeste (DF);Águas Claras (DF)
4438671;Região Sudoeste (DF);Águas Claras (DF)
4383982;Região Sudoeste (DF);Águas Claras (DF)
252611;Região Sudoeste (DF);Águas Claras (DF)
9350918;Região Sudoeste (DF);Águas Claras (DF)
813613;Região Sudoeste (DF);Águas Claras (DF)
9676457;Região Sudoeste (DF);Águas Claras (DF)
4567811;Região Sudoeste (DF);Águas Claras (DF)
255319;Região Sudoeste (DF);Águas Claras (DF)
4017471;Região Sudoeste (DF);Águas Claras (DF)
4512251;Região Sudoeste (DF);Águas Claras (DF)
9567097;Região Sudoeste (DF);Águas Claras (DF)
4590023;Região Sudoeste (DF);Águas Claras (DF)
5052521;Região Sudoeste (DF);Águas Claras (DF)
4376862;Região Sudoeste (DF);Águas Claras (DF)
4047540;Região Sudoeste (DF);Águas Claras (DF)
4665872;Região Sudoeste (DF);Águas Claras (DF)
3406709;Região Sudoeste (DF);Águas Claras (DF)
4219643;Região Sudoeste (DF);Águas Claras (DF)
7688318;Região Sudoeste (DF);Águas Claras (DF)
4479904;Região Sudoeste (DF);Águas Claras (DF)
4190947;Região Sudoeste (DF);Águas Claras (DF)
4687876;Região Sudoeste (DF);Águas Claras (DF)
108626;Região Sudoeste (DF);Águas Claras (DF)
274313;Região Sudoeste (DF);Águas Claras (DF)
4630572;Região Sudoeste (DF);Águas Claras (DF)
3499928;Região Sudoeste (DF);Águas Claras (DF)
884308;Região Sudoeste (DF);Águas Claras (DF)
4352130;Região Sudoeste (DF);Águas Claras (DF)
4119312;Região Sudoeste (DF);Águas Claras (DF)
4773721;Região Sudoeste (DF);Águas Claras (DF)
9961283;Região Sudoeste (DF);Águas Claras (DF)
9770429;Região Sudoeste (DF);Águas Claras (DF)
4868986;Região Sudoeste (DF);Águas Claras (DF)
936669;Região Sudoeste (DF);Águas Claras (DF)
4305574;Região Sudoeste (DF);Águas Claras (DF)
4512715;Região Sudoeste (DF);Águas Claras (DF)
4510453;Região Sudoeste (DF);Águas Claras (DF)
9538186;Região Sudoeste (DF);Águas Claras (DF)
9136193;Região Sudoeste (DF);Águas Claras (DF)
4182162;Região Sudoeste (DF);Águas Claras (DF)
4502469;Região Sudoeste (DF);Arniqueira (DF)
9952314;Região Sudoeste (DF);Vicente Pires (DF)
9825703;Região Sudoeste (DF);Vicente Pires (DF)
2967596;Região Sudoeste (DF);Vicente Pires (DF)
4205324;Região Sudoeste (DF);Vicente Pires (DF)
4415396;Região Sudoeste (DF);Vicente Pires (DF)
4493990;Região Sudoeste (DF);Vicente Pires (DF)
5151066;Região Sudoeste (DF);Taguatinga (DF)
4367618;Região Sudoeste (DF);Taguatinga (DF)
4776542;Região Sudoeste (DF);Taguatinga (DF)
4290488;Região Sudoeste (DF);Taguatinga (DF)
7261993;Região Sudoeste (DF);Taguatinga (DF)
802042;Região Sudoeste (DF);Taguatinga (DF)
9335234;Região Sudoeste (DF);Taguatinga (DF)
2866536;Região Sudoeste (DF);Taguatinga (DF)
5332230;Região Sudoeste (DF);Taguatinga (DF)
4969219;Região Sudoeste (DF);Taguatinga (DF)
4714148;Região Sudoeste (DF);Taguatinga (DF)
4662628;Região Sudoeste (DF);Taguatinga (DF)
9178481;Região Sudoeste (DF);Taguatinga (DF)
4077784;Região Sudoeste (DF);Taguatinga (DF)
929069;Região Sudoeste (DF);Taguatinga (DF)
4219929;Região Sudoeste (DF);Taguatinga (DF)
3521915;Região Sudoeste (DF);Taguatinga (DF)
742996;Região Sudoeste (DF);Taguatinga (DF)
9500014;Região Sudoeste (DF);Taguatinga (DF)
9761640;Região Sudoeste (DF);Taguatinga (DF)
4376803;Região Sudoeste (DF);Taguatinga (DF)
7933649;Região Sudoeste (DF);Taguatinga (DF)
4091183;Região Sudoeste (DF);Taguatinga (DF)
4154231;Região Sudoeste (DF);Taguatinga (DF)
490075;Região Sudoeste (DF);Taguatinga (DF)
4341910;Região Oeste (DF);Ceilândia (DF)
4415906;Região Oeste (DF);Ceilândia (DF)
9780572;Região Oeste (DF);Ceilândia (DF)
4865197;Região Oeste (DF);Ceilândia (DF)
2804441;Região Oeste (DF);Ceilândia (DF)
9388044;Região Oeste (DF);Ceilândia (DF)
4060954;Região Oeste (DF);Ceilândia (DF)
622141;Região Oeste (DF);Ceilândia (DF)
82074;Região Oeste (DF);Ceilândia (DF)
4367375;Região Oeste (DF);Ceilândia (DF)
4138015;Região Oeste (DF);Ceilândia (DF)
4318323;Região Sudoeste (DF);Samambaia (DF)
745219;Região Sudoeste (DF);Samambaia (DF)
4483820;Região Sudoeste (DF);Samambaia (DF)
9298983;Região Sudoeste (DF);Samambaia (DF)
5923875;Região Sudoeste (DF);Samambaia (DF)
3951960;Região Sudoeste (DF);Samambaia (DF)
4682084;Região Sul (DF);Gama (DF)
4409329;Região Sul (DF);Gama (DF)
4246314;Região Sul (DF);Gama (DF)
9408681;Região Sul (DF);Gama (DF)
2884267;Região Sul (DF);Gama (DF)
2990164;Região Sul (DF);Gama (DF)
5437520;Região Sul (DF);Gama (DF)
2827883;Região Sul (DF);Gama (DF)
4622340;Região Sul (DF);Gama (DF)
4724704;Região Sul (DF);Gama (DF)
7136757;Região Sul (DF);Gama (DF)
7786948;Região Sul (DF);Gama (DF)
4988450;Região Sul (DF);Santa Maria (DF)
4324420;Região Sul (DF);Santa Maria (DF)
9946721;Região Sul (DF);Santa Maria (DF)
4747380;Região Sul (DF);Santa Maria (DF)
4643704;Região Sul (DF);Santa Maria (DF)
9980857;Região Sudoeste (DF);Recanto das Emas (DF)
7155042;Região Sudoeste (DF);Recanto das Emas (DF)
4892720;Região Norte (DF);Sobradinho (DF)
4708024;Região Norte (DF);Sobradinho (DF)
4391160;Região Norte (DF);Sobradinho (DF)
4969030;Região Norte (DF);Sobradinho (DF)
9264299;Região Norte (DF);Sobradinho II (DF)
4433718;Região Norte (DF);Sobradinho (DF)
770035;Região Norte (DF);Planaltina (DF)
4664221;Região Norte (DF);Planaltina (DF)
4914872;Região Norte (DF);Planaltina (DF)
4078551;Região Central (DF);Plano Piloto (DF)
6794513;Região Central (DF);Plano Piloto (DF)
6857612;Região Central (DF);Plano Piloto (DF)
7026633;Região Central (DF);Plano Piloto (DF)
9161910;Região Central (DF);Plano Piloto (DF)
4318285;Região Central (DF);Plano Piloto (DF)
4139151;Região Central (DF);Sudoeste/Octogonal (DF)
4343638;Região Central (DF);Sudoeste/Octogonal (DF)
4596536;Região Central (DF);Plano Piloto (DF)
3494640;Região Central (DF);Plano Piloto (DF)
3232719;Região Central (DF);Plano Piloto (DF)
3778223;Região Centro-Sul (DF);Riacho Fundo II (DF)
4114396;Região Sudoeste (DF);Águas Claras (DF)
3444767;Região Sudoeste (DF);Águas Claras (DF)
4158121;Região Sudoeste (DF);Águas Claras (DF)
4663055;Região Sudoeste (DF);Águas Claras (DF)
4461533;Região Sudoeste (DF);Taguatinga (DF)
719439;Região Sudoeste (DF);Taguatinga (DF)
4037804;Região Sudoeste (DF);Taguatinga (DF)
4112806;Região Sudoeste (DF);Taguatinga (DF)
952435;Região Oeste (DF);Ceilândia (DF)
3025055;Região Oeste (DF);Ceilândia (DF)
651303;Região Sudoeste (DF);Samambaia (DF)
9940464;Região Sudoeste (DF);Samambaia (DF)
9883827;Região Sul (DF);Gama (DF)
9801030;Região Sul (DF);Gama (DF)
3483614;Região Sul (DF);Gama (DF)
680699;Região Sul (DF);Gama (DF)
9940456;Região Sul (DF);Gama (DF)
4470230;Região Sul (DF);Santa Maria (DF)
9940472;Região Sul (DF);Santa Maria (DF)
700401;Região Sul (DF);Santa Maria (DF)
9871756;Região Norte (DF);Sobradinho (DF)
4556429;Região Norte (DF);Planaltina (DF)
4102932;Região Central (DF);Plano Piloto (DF)
4095855;Região Central (DF);Lago Sul (DF)
4878752;Região Central (DF);Plano Piloto (DF)
4960793;Região Central (DF);Plano Piloto (DF)
5000599;Região Central (DF);Sudoeste/Octogonal (DF)
4966597;Região Sudoeste (DF);Vicente Pires (DF)
740411;Região Central (DF);Plano Piloto (DF)
4168364;Região Central (DF);Sudoeste/Octogonal (DF)
955752;Região Central (DF);Plano Piloto (DF)
9677933;Região Central (DF);Plano Piloto (DF)
9728937;Região Centro-Sul (DF);Núcleo Bandeirante (DF)
3509664;Região Central (DF);Plano Piloto (DF)
4836154;Região Central (DF);Plano Piloto (DF)
9038825;Região Central (DF);Plano Piloto (DF)
83623;Região Sudoeste (DF);Águas Claras (DF)
9790357;Região Central (DF);Plano Piloto (DF)
4477359;Região Central (DF);Plano Piloto (DF)
4671414;Região Central (DF);Plano Piloto (DF)
4979206;Região Central (DF);Plano Piloto (DF)
9944427;Região Central (DF);Plano Piloto (DF)
4575342;Região Central (DF);Plano Piloto (DF)
4087488;Região Central (DF);Plano Piloto (DF)
4645162;Região Central (DF);Plano Piloto (DF)
4099877;Região Central (DF);Plano Piloto (DF)
4492315;Região Central (DF);Plano Piloto (DF)
4805690;Região Central (DF);Plano Piloto (DF)
4662067;Região Central (DF);Plano Piloto (DF)
3213129;Região Central (DF);Plano Piloto (DF)
4708199;Região Central (DF);Plano Piloto (DF)
4589939;Região Central (DF);Plano Piloto (DF)
64785;Região Central (DF);Plano Piloto (DF)
4562143;Região Central (DF);Plano Piloto (DF)
4708350;Região Central (DF);Plano Piloto (DF)
4610571;Região Central (DF);Plano Piloto (DF)
9929401;Região Central (DF);Plano Piloto (DF)
119563;Região Central (DF);Plano Piloto (DF)
5485258;Região Central (DF);Plano Piloto (DF)
9320393;Região Central (DF);Plano Piloto (DF)
4622936;Região Central (DF);Plano Piloto (DF)
4481488;Região Central (DF);Plano Piloto (DF)
4635833;Região Central (DF);Plano Piloto (DF)
43109;Região Central (DF);Plano Piloto (DF)
4505328;Região Central (DF);Plano Piloto (DF)
4553098;Região Central (DF);Plano Piloto (DF)
7809476;Região Centro-Sul (DF);Guará (DF)
4516907;Região Leste (DF);Itapoã (DF)
9426086;Região Leste (DF);Jardim Botânico (DF)
4580834;Região Centro-Sul (DF);Park Way (DF)
5416213;Região Centro-Sul (DF);Riacho Fundo I (DF)
9336443;Região Sudoeste (DF);Águas Claras (DF)
4695100;Região Sudoeste (DF);Águas Claras (DF)
4582861;Região Sudoeste (DF);Águas Claras (DF)
4117093;Região Sudoeste (DF);Águas Claras (DF)
9892729;Região Sudoeste (DF);Águas Claras (DF)
9271384;Região Sudoeste (DF);Águas Claras (DF)
4662121;Região Sudoeste (DF);Águas Claras (DF)
9412972;Região Sudoeste (DF);Águas Claras (DF)
1136062;Região Sudoeste (DF);Taguatinga (DF)
5416205;Região Sudoeste (DF);Taguatinga (DF)
4411609;Região Sudoeste (DF);Taguatinga (DF)
4960785;Região Oeste (DF);Ceilândia (DF)
69507;Região Oeste (DF);Ceilândia (DF)
7811403;Região Oeste (DF);Ceilândia (DF)
4084543;Região Sudoeste (DF);Samambaia (DF)
4934857;Região Sudoeste (DF);Samambaia (DF)
4569822;Região Sul (DF);Gama (DF)
4676599;Região Sul (DF);Gama (DF)
4153006;Região Sul (DF);Santa Maria (DF)
7824149;Região Sudoeste (DF);Recanto das Emas (DF)
9264450;Região Norte (DF);Sobradinho (DF)
9807624;Região Norte (DF);Sobradinho (DF)
901733;Região Norte (DF);Planaltina (DF)
4528670;Região Norte (DF);Planaltina (DF)
4069005;Região Central (DF);Plano Piloto (DF)
947350;Região Central (DF);Plano Piloto (DF)
9798854;Região Central (DF);Plano Piloto (DF)
966983;Região Leste (DF);Jardim Botânico (DF)
4410165;Região Sudoeste (DF);Águas Claras (DF)
4458915;Região Sudoeste (DF);Taguatinga (DF)
3422275;Região Oeste (DF);Ceilândia (DF)
4723791;Região Oeste (DF);Ceilândia (DF)
20257;Região Sul (DF);Gama (DF)
9969535;Região Norte (DF);Planaltina (DF)
5549906;Região Central (DF);Plano Piloto (DF)
3254305;Região Sudoeste (DF);Águas Claras (DF)
9141944;Região Sudoeste (DF);Águas Claras (DF)
6362745;Região Central (DF);Plano Piloto (DF)
3023362;Região Central (DF);Plano Piloto (DF)
4411307;Região Central (DF);Lago Sul (DF)
9608567;Região Sudoeste (DF);Águas Claras (DF)
9123075;Região Sudoeste (DF);Taguatinga (DF)
3262499;Região Central (DF);Plano Piloto (DF)
7841108;Região Central (DF);Plano Piloto (DF)
3449130;Região Central (DF);Plano Piloto (DF)
5084911;Região Central (DF);Plano Piloto (DF)
3415422;Região Central (DF);Plano Piloto (DF)
6820107;Região Central (DF);Plano Piloto (DF)
5252350;Região Central (DF);Plano Piloto (DF)
3115380;Região Central (DF);Plano Piloto (DF)
3551539;Região Central (DF);Plano Piloto (DF)
3062244;Região Central (DF);Plano Piloto (DF)
9122788;Região Central (DF);Plano Piloto (DF)
4417526;Região Central (DF);Plano Piloto (DF)
6381243;Região Central (DF);Plano Piloto (DF)
4351894;Região Central (DF);Plano Piloto (DF)
6353487;Região Central (DF);Plano Piloto (DF)
3216055;Região Central (DF);Plano Piloto (DF)
9962646;Região Sudoeste (DF);Águas Claras (DF)
9340203;Região Sudoeste (DF);Taguatinga (DF)
9316817;Região Oeste (DF);Ceilândia (DF)
9803025;Região Central (DF);Plano Piloto (DF)
967742;Região Central (DF);Plano Piloto (DF)
7442149;Região Central (DF);Plano Piloto (DF)
9371370;Região Central (DF);Plano Piloto (DF)
3078604;Região Central (DF);Plano Piloto (DF)
61379;Região Central (DF);Plano Piloto (DF)
3107922;Região Central (DF);Plano Piloto (DF)
6331661;Região Central (DF);Plano Piloto (DF)
5687721;Região Central (DF);Plano Piloto (DF)
925632;Região Central (DF);Plano Piloto (DF)
3462323;Região Central (DF);Plano Piloto (DF)
3364003;Região Central (DF);Plano Piloto (DF)
3177300;Região Central (DF);Plano Piloto (DF)
114359;Região Central (DF);Plano Piloto (DF)
4217640;Região Central (DF);Plano Piloto (DF)
3057704;Região Central (DF);Lago Sul (DF)
741728;Região Sudoeste (DF);Taguatinga (DF)
741124;Região Sudoeste (DF);Taguatinga (DF)
3388514;Região Sudoeste (DF);Taguatinga (DF)
9706801;Região Sudoeste (DF);Vicente Pires (DF)
9140514;Região Central (DF);Plano Piloto (DF)
5962315;Região Central (DF);Plano Piloto (DF)
4415701;Região Centro-Sul (DF);Park Way (DF)
15946;Região Central (DF);Plano Piloto (DF)
864978;Região Sudoeste (DF);Taguatinga (DF)
9691529;Região Centro-Sul (DF);Guará (DF)
3177327;Região Central (DF);Plano Piloto (DF)
5049687;Região Central (DF);Plano Piloto (DF)
3400948;Região Central (DF);Plano Piloto (DF)
5392810;Região Central (DF);Plano Piloto (DF)
9100016;Região Central (DF);Plano Piloto (DF)
3464938;Região Central (DF);Plano Piloto (DF)
6698271;Região Central (DF);Plano Piloto (DF)
9324453;Região Central (DF);Plano Piloto (DF)
2866560;Região Central (DF);Plano Piloto (DF)
4573579;Região Sudoeste (DF);Águas Claras (DF)
4491262;Região Sudoeste (DF);Águas Claras (DF)
3068153;Região Central (DF);Plano Piloto (DF)
876844;Região Central (DF);Plano Piloto (DF)
3071359;Região Central (DF);Lago Sul (DF)
6572022;Região Leste (DF);Jardim Botânico (DF)
874515;Região Sudoeste (DF);Taguatinga (DF)
9789197;Região Oeste (DF);Ceilândia (DF)
719056;Região Central (DF);Plano Piloto (DF)
4263189;Região Central (DF);Plano Piloto (DF)
6602398;Região Central (DF);Sudoeste/Octogonal (DF)
7303157;Região Centro-Sul (DF);Guará (DF)
5449685;Região Central (DF);Lago Norte (DF)
7707754;Região Sudoeste (DF);Águas Claras (DF)
7319525;Região Sudoeste (DF);Águas Claras (DF)
9415270;Região Sudoeste (DF);Vicente Pires (DF)
4436830;Região Sudoeste (DF);Taguatinga (DF)
5100216;Região Norte (DF);Sobradinho (DF)
7015755;Região Norte (DF);Sobradinho II (DF)
6349544;Região Sudoeste (DF);Águas Claras (DF)
3073777;Região Sudoeste (DF);Taguatinga (DF)
3081028;Região Sudoeste (DF);Taguatinga (DF)
6152635;Região Sul (DF);Santa Maria (DF)
4401085;Região Sudoeste (DF);Vicente Pires (DF)
4401166;Região Sudoeste (DF);Samambaia (DF)
4400720;Região Sudoeste (DF);Taguatinga (DF)
4399560;Região Centro-Sul (DF);Guará (DF)
4140346;Região Sudoeste (DF);Águas Claras (DF)
78948;Região Central (DF);Lago Sul (DF)
119628;Região Sudoeste (DF);Águas Claras (DF)
9595155;Região Central (DF);Plano Piloto (DF)
9228772;Região Central (DF);Plano Piloto (DF)
9397086;Região Centro-Sul (DF);SCIA/Estrutural (DF)
2851377;Região Central (DF);Lago Sul (DF)
834173;Região Leste (DF);Jardim Botânico (DF)
7771754;Região Sudoeste (DF);Vicente Pires (DF)
9682147;Região Central (DF);Plano Piloto (DF)
7803923;Região Central (DF);Plano Piloto (DF)
923826;Região Central (DF);Plano Piloto (DF)
7803931;Região Centro-Sul (DF);Riacho Fundo I (DF)
7771800;Região Sudoeste (DF);Vicente Pires (DF)
480762;Região Sudoeste (DF);Taguatinga (DF)
9328904;Região Sudoeste (DF);Taguatinga (DF)
3027821;Região Norte (DF);Sobradinho (DF)
9293795;Região Central (DF);Plano Piloto (DF)
4940504;Região Central (DF);Plano Piloto (DF)
3027724;Região Central (DF);Lago Sul (DF)
3816672;Região Oeste (DF);Ceilândia (DF)
9813225;Região Sul (DF);Gama (DF)
9220445;Região Norte (DF);Sobradinho (DF)
9999752;Região Norte (DF);Planaltina (DF)
4001753;Região Central (DF);Plano Piloto (DF)
3417697;Região Central (DF);Plano Piloto (DF)
2990229;Região Central (DF);Plano Piloto (DF)
3256790;Região Sudoeste (DF);Águas Claras (DF)
4038002;Região Sudoeste (DF);Taguatinga (DF)
3417395;Região Sudoeste (DF);Taguatinga (DF)
4954068;Região Sudoeste (DF);Águas Claras (DF)
453234;Região Central (DF);Plano Piloto (DF)
684163;Região Central (DF);Plano Piloto (DF)
2976056;Região Centro-Sul (DF);SIA (DF)
4226372;Região Central (DF);Plano Piloto (DF)
9274812;Região Central (DF);Plano Piloto (DF)
262900;Região Central (DF);Plano Piloto (DF)
9525718;Região Central (DF);Plano Piloto (DF)
3102556;Região Central (DF);Plano Piloto (DF)
5975468;Região Central (DF);Plano Piloto (DF)
9679227;Região Central (DF);Plano Piloto (DF)
4486129;Região Central (DF);Plano Piloto (DF)
9943617;Região Central (DF);Plano Piloto (DF)
4376730;Região Central (DF);Plano Piloto (DF)
3546284;Região Central (DF);Plano Piloto (DF)
9905189;Região Central (DF);Plano Piloto (DF)
860611;Região Central (DF);Plano Piloto (DF)
4290763;Região Central (DF);Plano Piloto (DF)
676853;Região Central (DF);Plano Piloto (DF)
7537581;Região Central (DF);Plano Piloto (DF)
3470148;Região Central (DF);Plano Piloto (DF)
6031943;Região Central (DF);Plano Piloto (DF)
7819056;Região Central (DF);Plano Piloto (DF)
6791859;Região Central (DF);Plano Piloto (DF)
9481508;Região Centro-Sul (DF);Guará (DF)
9347127;Região Centro-Sul (DF);Guará (DF)
4113810;Região Leste (DF);Itapoã (DF)
2857960;Região Sudoeste (DF);Águas Claras (DF)
9615989;Região Sudoeste (DF);Águas Claras (DF)
9894802;Região Sudoeste (DF);Águas Claras (DF)
4558146;Região Sudoeste (DF);Águas Claras (DF)
9579095;Região Sudoeste (DF);Taguatinga (DF)
682152;Região Sudoeste (DF);Taguatinga (DF)
9700773;Região Sudoeste (DF);Taguatinga (DF)
7482590;Região Sudoeste (DF);Taguatinga (DF)
9761616;Região Sudoeste (DF);Taguatinga (DF)
3256871;Região Sudoeste (DF);Taguatinga (DF)
973602;Região Oeste (DF);Ceilândia (DF)
6337139;Região Oeste (DF);Ceilândia (DF)
43435;Região Oeste (DF);Ceilândia (DF)
3816109;Região Sudoeste (DF);Samambaia (DF)
2975122;Região Sul (DF);Gama (DF)
4477812;Região Sul (DF);Santa Maria (DF)
9925953;Região Norte (DF);Planaltina (DF)
4369696;Região Norte (DF);Planaltina (DF)
4384601;Região Central (DF);Plano Piloto (DF)
9247041;Região Central (DF);Plano Piloto (DF)
7133308;Região Central (DF);Plano Piloto (DF)
3495868;Região Central (DF);Plano Piloto (DF)
7009313;Região Central (DF);Plano Piloto (DF)
9271600;Região Central (DF);Plano Piloto (DF)
2993554;Região Central (DF);Plano Piloto (DF)
982717;Região Central (DF);Plano Piloto (DF)
749966;Região Central (DF);Plano Piloto (DF)
4140788;Região Central (DF);Plano Piloto (DF)
4279247;Região Central (DF);Plano Piloto (DF)
3117804;Região Central (DF);Plano Piloto (DF)
6403743;Região Central (DF);Plano Piloto (DF)
245232;Região Central (DF);Plano Piloto (DF)
9038272;Região Central (DF);Plano Piloto (DF)
7440200;Região Central (DF);Plano Piloto (DF)
5499577;Região Central (DF);Plano Piloto (DF)
5526795;Região Central (DF);Plano Piloto (DF)
7026625;Região Central (DF);Plano Piloto (DF)
9530827;Região Central (DF);Plano Piloto (DF)
9424881;Região Central (DF);Sudoeste/Octogonal (DF)
5993652;Região Central (DF);Plano Piloto (DF)
6667015;Região Central (DF);Plano Piloto (DF)
7591241;Região Central (DF);Plano Piloto (DF)
7122942;Região Central (DF);Plano Piloto (DF)
7416067;Região Central (DF);Plano Piloto (DF)
4367405;Região Central (DF);Plano Piloto (DF)
3273695;Região Central (DF);Plano Piloto (DF)
6362842;Região Leste (DF);Paranoá (DF)
9479937;Região Leste (DF);Jardim Botânico (DF)
9307885;Região Sudoeste (DF);Águas Claras (DF)
3379760;Região Sudoeste (DF);Águas Claras (DF)
9054030;Região Sudoeste (DF);Águas Claras (DF)
6677843;Região Sudoeste (DF);Águas Claras (DF)
3089835;Região Sudoeste (DF);Taguatinga (DF)
562424;Região Sudoeste (DF);Taguatinga (DF)
9986634;Região Sudoeste (DF);Taguatinga (DF)
9718966;Região Sudoeste (DF);Taguatinga (DF)
4511670;Região Oeste (DF);Ceilândia (DF)
3669742;Região Norte (DF);Sobradinho (DF)
5617022;Região Central (DF);Plano Piloto (DF)
5877261;Região Central (DF);Plano Piloto (DF)
9307400;Região Central (DF);Plano Piloto (DF)
4263715;Região Central (DF);Plano Piloto (DF)
9380493;Região Central (DF);Plano Piloto (DF)
3799107;Região Central (DF);Plano Piloto (DF)
7827075;Região Central (DF);Plano Piloto (DF)
20796;Região Central (DF);Plano Piloto (DF)
7620535;Região Central (DF);Plano Piloto (DF)
4501926;Região Central (DF);Plano Piloto (DF)
9936793;Região Central (DF);Plano Piloto (DF)
4239075;Região Central (DF);Plano Piloto (DF)
7775938;Região Central (DF);Plano Piloto (DF)
9603832;Região Central (DF);Plano Piloto (DF)
9136010;Região Central (DF);Plano Piloto (DF)
114715;Região Central (DF);Plano Piloto (DF)
3911837;Região Central (DF);Sudoeste/Octogonal (DF)
4077598;Região Central (DF);Sudoeste/Octogonal (DF)
6692257;Região Central (DF);Plano Piloto (DF)
9321004;Região Central (DF);Plano Piloto (DF)
7862709;Região Central (DF);Plano Piloto (DF)
7968868;Região Central (DF);Lago Norte (DF)
967521;Região Central (DF);Lago Norte (DF)
9177930;Região Central (DF);Lago Sul (DF)
7559763;Região Sudoeste (DF);Águas Claras (DF)
33359;Região Sudoeste (DF);Águas Claras (DF)
9914625;Região Sudoeste (DF);Águas Claras (DF)
3460940;Região Sudoeste (DF);Águas Claras (DF)
5493013;Região Sudoeste (DF);Taguatinga (DF)
4235088;Região Sudoeste (DF);Taguatinga (DF)
550078;Região Sudoeste (DF);Recanto das Emas (DF)
2975408;Região Norte (DF);Sobradinho (DF)
4323025;Região Norte (DF);Sobradinho (DF)
9330119;Região Norte (DF);Planaltina (DF)
9924523;Região Norte (DF);Planaltina (DF)
552216;Região Central (DF);Plano Piloto (DF)
4484037;Região Central (DF);Plano Piloto (DF)
9888780;Região Central (DF);Plano Piloto (DF)
3454908;Região Central (DF);Plano Piloto (DF)
3177289;Região Central (DF);Plano Piloto (DF)
3086704;Região Central (DF);Plano Piloto (DF)
3146677;Região Central (DF);Plano Piloto (DF)
4610393;Região Central (DF);Plano Piloto (DF)
4985397;Região Central (DF);Plano Piloto (DF)
9077677;Região Central (DF);Plano Piloto (DF)
7672233;Região Central (DF);Plano Piloto (DF)
9352597;Região Central (DF);Plano Piloto (DF)
9272895;Região Central (DF);Plano Piloto (DF)
4644387;Região Central (DF);Plano Piloto (DF)
6629415;Região Central (DF);Plano Piloto (DF)
4995333;Região Central (DF);Plano Piloto (DF)
5446929;Região Central (DF);Plano Piloto (DF)
4422066;Região Central (DF);Plano Piloto (DF)
550116;Região Central (DF);Plano Piloto (DF)
6949711;Região Central (DF);Plano Piloto (DF)
9317848;Região Central (DF);Plano Piloto (DF)
9578382;Região Central (DF);Plano Piloto (DF)
4623827;Região Central (DF);Plano Piloto (DF)
970174;Região Central (DF);Plano Piloto (DF)
3331474;Região Central (DF);Plano Piloto (DF)
6418317;Região Central (DF);Plano Piloto (DF)
9561137;Região Central (DF);Plano Piloto (DF)
6508685;Região Central (DF);Plano Piloto (DF)
3401669;Região Central (DF);Plano Piloto (DF)
3021971;Região Central (DF);Plano Piloto (DF)
3125513;Região Central (DF);Plano Piloto (DF)
4085825;Região Central (DF);Plano Piloto (DF)
3355764;Região Central (DF);Plano Piloto (DF)
3667235;Região Central (DF);Plano Piloto (DF)
9466487;Região Central (DF);Plano Piloto (DF)
4870182;Região Central (DF);Plano Piloto (DF)
5703042;Região Central (DF);Plano Piloto (DF)
7902581;Região Central (DF);Plano Piloto (DF)
4680200;Região Central (DF);Plano Piloto (DF)
9401067;Região Central (DF);Plano Piloto (DF)
6650597;Região Central (DF);Plano Piloto (DF)
851086;Região Central (DF);Plano Piloto (DF)
3321657;Região Central (DF);Plano Piloto (DF)
5489296;Região Central (DF);Plano Piloto (DF)
7999631;Região Central (DF);Plano Piloto (DF)
4561724;Região Central (DF);Plano Piloto (DF)
6389287;Região Central (DF);Plano Piloto (DF)
4763920;Região Central (DF);Plano Piloto (DF)
7335040;Região Central (DF);Plano Piloto (DF)
9486208;Região Central (DF);Plano Piloto (DF)
4416589;Região Central (DF);Plano Piloto (DF)
9089756;Região Central (DF);Plano Piloto (DF)
2970716;Região Central (DF);Plano Piloto (DF)
7380151;Região Central (DF);Plano Piloto (DF)
5975409;Região Central (DF);Plano Piloto (DF)
7669631;Região Central (DF);Plano Piloto (DF)
4533860;Região Central (DF);Plano Piloto (DF)
9828583;Região Central (DF);Plano Piloto (DF)
3408248;Região Central (DF);Plano Piloto (DF)
9377379;Região Central (DF);Plano Piloto (DF)
3937402;Região Central (DF);Plano Piloto (DF)
6857582;Região Central (DF);Plano Piloto (DF)
6243568;Região Central (DF);Plano Piloto (DF)
2866579;Região Central (DF);Plano Piloto (DF)
9054227;Região Central (DF);Plano Piloto (DF)
9895566;Região Central (DF);Plano Piloto (DF)
4763742;Região Central (DF);Plano Piloto (DF)
5463254;Região Central (DF);Plano Piloto (DF)
2829754;Região Central (DF);Plano Piloto (DF)
5454158;Região Central (DF);Plano Piloto (DF)
2980657;Região Central (DF);Plano Piloto (DF)
4635841;Região Central (DF);Plano Piloto (DF)
7046618;Região Central (DF);Plano Piloto (DF)
822973;Região Central (DF);Plano Piloto (DF)
7943555;Região Central (DF);Plano Piloto (DF)
3484394;Região Central (DF);Plano Piloto (DF)
3056090;Região Central (DF);Plano Piloto (DF)
3792099;Região Central (DF);Plano Piloto (DF)
9382364;Região Central (DF);Plano Piloto (DF)
4704126;Região Central (DF);Plano Piloto (DF)
3089754;Região Central (DF);Plano Piloto (DF)
6025137;Região Central (DF);Plano Piloto (DF)
4187067;Região Central (DF);Plano Piloto (DF)
4610199;Região Central (DF);Plano Piloto (DF)
4042263;Região Central (DF);Plano Piloto (DF)
4883225;Região Central (DF);Plano Piloto (DF)
5300541;Região Central (DF);Plano Piloto (DF)
4115538;Região Central (DF);Plano Piloto (DF)
4115767;Região Central (DF);Sudoeste/Octogonal (DF)
832375;Região Central (DF);Sudoeste/Octogonal (DF)
3420256;Região Central (DF);Sudoeste/Octogonal (DF)
6292259;Região Central (DF);Sudoeste/Octogonal (DF)
7654375;Região Central (DF);Sudoeste/Octogonal (DF)
154717;Região Central (DF);Sudoeste/Octogonal (DF)
4610482;Região Central (DF);Sudoeste/Octogonal (DF)
245895;Região Central (DF);Sudoeste/Octogonal (DF)
9670874;Região Central (DF);Sudoeste/Octogonal (DF)
9902589;Região Central (DF);Plano Piloto (DF)
4151291;Região Central (DF);Plano Piloto (DF)
943398;Região Central (DF);Plano Piloto (DF)
6324029;Região Central (DF);Plano Piloto (DF)
4638980;Região Central (DF);Plano Piloto (DF)
3106934;Região Central (DF);Plano Piloto (DF)
3908747;Região Central (DF);Plano Piloto (DF)
4716523;Região Central (DF);Plano Piloto (DF)
9743618;Região Central (DF);Plano Piloto (DF)
9050442;Região Central (DF);Plano Piloto (DF)
148431;Região Central (DF);Plano Piloto (DF)
9799826;Região Central (DF);Plano Piloto (DF)
2908298;Região Central (DF);Plano Piloto (DF)
4603265;Região Central (DF);Plano Piloto (DF)
3252396;Região Central (DF);Plano Piloto (DF)
3387437;Região Central (DF);Plano Piloto (DF)
5669537;Região Central (DF);Plano Piloto (DF)
4703758;Região Central (DF);Plano Piloto (DF)
9094334;Região Central (DF);Plano Piloto (DF)
5558395;Região Central (DF);Plano Piloto (DF)
80519;Região Central (DF);Plano Piloto (DF)
914789;Região Central (DF);Plano Piloto (DF)
3494861;Região Central (DF);Plano Piloto (DF)
2846004;Região Central (DF);Plano Piloto (DF)
855278;Região Central (DF);Plano Piloto (DF)
4965388;Região Central (DF);Plano Piloto (DF)
3449114;Região Central (DF);Plano Piloto (DF)
4132564;Região Central (DF);Plano Piloto (DF)
3065073;Região Central (DF);Plano Piloto (DF)
7647670;Região Central (DF);Plano Piloto (DF)
4514483;Região Central (DF);Plano Piloto (DF)
4540123;Região Central (DF);Plano Piloto (DF)
9926747;Região Central (DF);Plano Piloto (DF)
7579128;Região Central (DF);Plano Piloto (DF)
4966325;Região Central (DF);Plano Piloto (DF)
5171180;Região Central (DF);Plano Piloto (DF)
9181660;Região Central (DF);Plano Piloto (DF)
4949935;Região Central (DF);Plano Piloto (DF)
2862441;Região Centro-Sul (DF);Guará (DF)
4627644;Região Centro-Sul (DF);Guará (DF)
7180179;Região Centro-Sul (DF);Guará (DF)
4347579;Região Centro-Sul (DF);Guará (DF)
648248;Região Centro-Sul (DF);Guará (DF)
4575024;Região Centro-Sul (DF);Guará (DF)
3090930;Região Leste (DF);Paranoá (DF)
4724550;Região Leste (DF);Paranoá (DF)
9805311;Região Leste (DF);Paranoá (DF)
9895663;Região Central (DF);Lago Sul (DF)
4662164;Região Central (DF);Lago Sul (DF)
6457843;Região Central (DF);Lago Sul (DF)
4690621;Região Central (DF);Lago Sul (DF)
9248455;Região Leste (DF);Jardim Botânico (DF)
881651;Região Leste (DF);São Sebastião (DF)
2834367;Região Centro-Sul (DF);Núcleo Bandeirante (DF)
9040242;Região Centro-Sul (DF);Riacho Fundo II (DF)
6304869;Região Sudoeste (DF);Águas Claras (DF)
4520327;Região Sudoeste (DF);Águas Claras (DF)
6524087;Região Sudoeste (DF);Águas Claras (DF)
7796757;Região Sudoeste (DF);Águas Claras (DF)
5555604;Região Sudoeste (DF);Águas Claras (DF)
9958290;Região Sudoeste (DF);Águas Claras (DF)
1130579;Região Sudoeste (DF);Águas Claras (DF)
9457313;Região Sudoeste (DF);Águas Claras (DF)
4696875;Região Sudoeste (DF);Águas Claras (DF)
5488400;Região Sudoeste (DF);Águas Claras (DF)
4621786;Região Sudoeste (DF);Águas Claras (DF)
129615;Região Sudoeste (DF);Águas Claras (DF)
4639588;Região Sudoeste (DF);Águas Claras (DF)
4280210;Região Sudoeste (DF);Águas Claras (DF)
4357566;Região Sudoeste (DF);Águas Claras (DF)
4859952;Região Sudoeste (DF);Águas Claras (DF)
5335221;Região Sudoeste (DF);Taguatinga (DF)
2943298;Região Sudoeste (DF);Águas Claras (DF)
4063341;Região Sudoeste (DF);Águas Claras (DF)
9885676;Região Sudoeste (DF);Águas Claras (DF)
4562453;Região Sudoeste (DF);Águas Claras (DF)
392588;Região Sudoeste (DF);Águas Claras (DF)
4689429;Região Sudoeste (DF);Águas Claras (DF)
9359168;Região Sudoeste (DF);Vicente Pires (DF)
2940175;Região Sudoeste (DF);Taguatinga (DF)
2642778;Região Sudoeste (DF);Taguatinga (DF)
9222375;Região Sudoeste (DF);Taguatinga (DF)
4881958;Região Sudoeste (DF);Taguatinga (DF)
3379736;Região Sudoeste (DF);Taguatinga (DF)
4611586;Região Sudoeste (DF);Taguatinga (DF)
9235116;Região Sudoeste (DF);Taguatinga (DF)
3098060;Região Sudoeste (DF);Taguatinga (DF)
4084586;Região Sudoeste (DF);Taguatinga (DF)
9586288;Região Sudoeste (DF);Taguatinga (DF)
4727452;Região Sudoeste (DF);Taguatinga (DF)
2853132;Região Sudoeste (DF);Taguatinga (DF)
4264738;Região Sudoeste (DF);Taguatinga (DF)
9232451;Região Sudoeste (DF);Taguatinga (DF)
5877393;Região Sudoeste (DF);Taguatinga (DF)
646016;Região Sudoeste (DF);Taguatinga (DF)
9890076;Região Sudoeste (DF);Taguatinga (DF)
7817428;Região Oeste (DF);Ceilândia (DF)
5391296;Região Oeste (DF);Ceilândia (DF)
4066324;Região Oeste (DF);Ceilândia (DF)
4081420;Região Oeste (DF);Ceilândia (DF)
5685206;Região Oeste (DF);Ceilândia (DF)
9397043;Região Oeste (DF);Ceilândia (DF)
916285;Região Oeste (DF);Ceilândia (DF)
7888872;Região Oeste (DF);Ceilândia (DF)
4760514;Região Oeste (DF);Ceilândia (DF)
472794;Região Sudoeste (DF);Samambaia (DF)
3434893;Região Sul (DF);Gama (DF)
4660153;Região Sul (DF);Gama (DF)
9871330;Região Sul (DF);Gama (DF)
6734758;Região Sul (DF);Gama (DF)
4861191;Região Sul (DF);Santa Maria (DF)
4747186;Região Sul (DF);Santa Maria (DF)
4842162;Região Norte (DF);Planaltina (DF)
9969977;Região Norte (DF);Planaltina (DF)
4407911;Região Norte (DF);Planaltina (DF)
9730664;Região Norte (DF);Planaltina (DF)
7233345;Região Central (DF);Plano Piloto (DF)
5070821;Região Central (DF);Plano Piloto (DF)
83119;Região Central (DF);Plano Piloto (DF)
4662458;Região Central (DF);Plano Piloto (DF)
6499953;Região Central (DF);Plano Piloto (DF)
9167471;Região Central (DF);Plano Piloto (DF)
912883;Região Central (DF);Plano Piloto (DF)
5411106;Região Central (DF);Plano Piloto (DF)
6723012;Região Central (DF);Plano Piloto (DF)
9719857;Região Central (DF);Plano Piloto (DF)
754625;Região Central (DF);Plano Piloto (DF)
9098518;Região Central (DF);Plano Piloto (DF)
3262480;Região Central (DF);Plano Piloto (DF)
9311963;Região Central (DF);Plano Piloto (DF)
925799;Região Central (DF);Plano Piloto (DF)
5378206;Região Central (DF);Plano Piloto (DF)
9055339;Região Central (DF);Plano Piloto (DF)
6065961;Região Central (DF);Plano Piloto (DF)
4376889;Região Central (DF);Plano Piloto (DF)
4571096;Região Central (DF);Plano Piloto (DF)
3500888;Região Central (DF);Plano Piloto (DF)
4424123;Região Central (DF);Plano Piloto (DF)
9790675;Região Central (DF);Plano Piloto (DF)
6910742;Região Central (DF);Plano Piloto (DF)
3102653;Região Central (DF);Plano Piloto (DF)
9097937;Região Central (DF);Plano Piloto (DF)
3514773;Região Central (DF);Plano Piloto (DF)
4726820;Região Central (DF);Plano Piloto (DF)
9232397;Região Central (DF);Plano Piloto (DF)
9632301;Região Central (DF);Plano Piloto (DF)
4891104;Região Central (DF);Sudoeste/Octogonal (DF)
209716;Região Central (DF);Sudoeste/Octogonal (DF)
4060792;Região Central (DF);Sudoeste/Octogonal (DF)
4642813;Região Central (DF);Plano Piloto (DF)
4843983;Região Central (DF);Plano Piloto (DF)
4047699;Região Central (DF);Plano Piloto (DF)
3106403;Região Central (DF);Plano Piloto (DF)
3938042;Região Central (DF);Plano Piloto (DF)
4837185;Região Central (DF);Plano Piloto (DF)
4000285;Região Central (DF);Plano Piloto (DF)
4186990;Região Central (DF);Plano Piloto (DF)
6788653;Região Central (DF);Plano Piloto (DF)
6579035;Região Central (DF);Plano Piloto (DF)
5456770;Região Central (DF);Plano Piloto (DF)
7561504;Região Central (DF);Plano Piloto (DF)
3524825;Região Central (DF);Plano Piloto (DF)
9802967;Região Central (DF);Plano Piloto (DF)
5478774;Região Centro-Sul (DF);Guará (DF)
1111469;Região Central (DF);Lago Sul (DF)
4373359;Região Leste (DF);São Sebastião (DF)
1128485;Região Sudoeste (DF);Águas Claras (DF)
2967626;Região Sudoeste (DF);Águas Claras (DF)
3839672;Região Sudoeste (DF);Águas Claras (DF)
7337353;Região Sudoeste (DF);Águas Claras (DF)
5537606;Região Sudoeste (DF);Taguatinga (DF)
2993511;Região Sudoeste (DF);Águas Claras (DF)
4573498;Região Sudoeste (DF);Águas Claras (DF)
4409450;Região Sudoeste (DF);Vicente Pires (DF)
7083084;Região Sudoeste (DF);Taguatinga (DF)
186694;Região Sudoeste (DF);Taguatinga (DF)
4639308;Região Sudoeste (DF);Taguatinga (DF)
9128417;Região Sudoeste (DF);Taguatinga (DF)
9354069;Região Sudoeste (DF);Taguatinga (DF)
4747046;Região Sudoeste (DF);Taguatinga (DF)
9985719;Região Oeste (DF);Ceilândia (DF)
902985;Região Sudoeste (DF);Samambaia (DF)
9859632;Região Sudoeste (DF);Samambaia (DF)
7045077;Região Sudoeste (DF);Samambaia (DF)
9042318;Região Sudoeste (DF);Recanto das Emas (DF)
4407989;Região Sudoeste (DF);Recanto das Emas (DF)
2952785;Região Norte (DF);Sobradinho (DF)
4468651;Região Norte (DF);Planaltina (DF)
4549392;Região Norte (DF);Planaltina (DF)
7577036;Região Central (DF);Plano Piloto (DF)
6558615;Região Central (DF);Plano Piloto (DF)
9354379;Região Central (DF);Plano Piloto (DF)
979376;Região Central (DF);Plano Piloto (DF)
4669290;Região Central (DF);Plano Piloto (DF)
305049;Região Central (DF);Plano Piloto (DF)
3252264;Região Central (DF);Plano Piloto (DF)
2994577;Região Central (DF);Plano Piloto (DF)
7645961;Região Central (DF);Plano Piloto (DF)
9879447;Região Central (DF);Plano Piloto (DF)
9637869;Região Central (DF);Plano Piloto (DF)
5430453;Região Central (DF);Plano Piloto (DF)
9585672;Região Central (DF);Plano Piloto (DF)
3263339;Região Central (DF);Plano Piloto (DF)
3546314;Região Central (DF);Plano Piloto (DF)
9703896;Região Central (DF);Plano Piloto (DF)
7348630;Região Central (DF);Plano Piloto (DF)
2617250;Região Central (DF);Sudoeste/Octogonal (DF)
6219187;Região Central (DF);Plano Piloto (DF)
2830035;Região Central (DF);Plano Piloto (DF)
3431398;Região Central (DF);Plano Piloto (DF)
9468242;Região Central (DF);Plano Piloto (DF)
668192;Região Centro-Sul (DF);Guará (DF)
4650840;Região Centro-Sul (DF);Guará (DF)
4632923;Região Central (DF);Lago Sul (DF)
9689818;Região Sudoeste (DF);Águas Claras (DF)
3281140;Região Sudoeste (DF);Águas Claras (DF)
770493;Região Sudoeste (DF);Águas Claras (DF)
3201589;Região Sudoeste (DF);Taguatinga (DF)
9109633;Região Sudoeste (DF);Taguatinga (DF)
4835263;Região Sudoeste (DF);Taguatinga (DF)
9409963;Região Sudoeste (DF);Taguatinga (DF)
3282120;Região Sudoeste (DF);Taguatinga (DF)
5835828;Região Sudoeste (DF);Taguatinga (DF)
1129554;Região Oeste (DF);Ceilândia (DF)
1131281;Região Oeste (DF);Pôr do Sol/ Sol Nascente (DF)
7790422;Região Sudoeste (DF);Samambaia (DF)
4826868;Região Sudoeste (DF);Samambaia (DF)
987719;Região Sudoeste (DF);Recanto das Emas (DF)
4452720;Região Norte (DF);Sobradinho (DF)
1131516;Região Norte (DF);Planaltina (DF)
9424288;Região Central (DF);Plano Piloto (DF)
7483996;Região Central (DF);Plano Piloto (DF)
4193393;Região Central (DF);Plano Piloto (DF)
9376933;Região Central (DF);Plano Piloto (DF)
4643038;Região Central (DF);Plano Piloto (DF)
9441786;Região Central (DF);Plano Piloto (DF)
3806723;Região Central (DF);Plano Piloto (DF)
3933016;Região Central (DF);Plano Piloto (DF)
9858261;Região Central (DF);Plano Piloto (DF)
4327985;Região Central (DF);Plano Piloto (DF)
514829;Região Central (DF);Plano Piloto (DF)
9958231;Região Central (DF);Plano Piloto (DF)
6520340;Região Central (DF);Plano Piloto (DF)
3098699;Região Central (DF);Plano Piloto (DF)
3435474;Região Central (DF);Plano Piloto (DF)
6622720;Região Central (DF);Plano Piloto (DF)
5032091;Região Central (DF);Plano Piloto (DF)
9122923;Região Central (DF);Plano Piloto (DF)
3908704;Região Central (DF);Plano Piloto (DF)
4926544;Região Central (DF);Plano Piloto (DF)
9137181;Região Central (DF);Plano Piloto (DF)
471887;Região Central (DF);Plano Piloto (DF)
6831281;Região Central (DF);Plano Piloto (DF)
152250;Região Central (DF);Plano Piloto (DF)
4537475;Região Central (DF);Plano Piloto (DF)
9801138;Região Central (DF);Plano Piloto (DF)
2843862;Região Central (DF);Plano Piloto (DF)
3079953;Região Central (DF);Plano Piloto (DF)
9460497;Região Central (DF);Plano Piloto (DF)
9648321;Região Central (DF);Plano Piloto (DF)
4337972;Região Central (DF);Plano Piloto (DF)
3806472;Região Central (DF);Plano Piloto (DF)
3106276;Região Central (DF);Plano Piloto (DF)
3078973;Região Central (DF);Plano Piloto (DF)
9447040;Região Central (DF);Plano Piloto (DF)
9335269;Região Central (DF);Plano Piloto (DF)
4007727;Região Central (DF);Plano Piloto (DF)
3744205;Região Central (DF);Plano Piloto (DF)
3373487;Região Central (DF);Plano Piloto (DF)
5315506;Região Central (DF);Plano Piloto (DF)
6450369;Região Central (DF);Plano Piloto (DF)
3303527;Região Central (DF);Plano Piloto (DF)
263346;Região Central (DF);Plano Piloto (DF)
9505547;Região Central (DF);Plano Piloto (DF)
4537440;Região Central (DF);Plano Piloto (DF)
4652398;Região Central (DF);Plano Piloto (DF)
7907133;Região Central (DF);Plano Piloto (DF)
4134362;Região Central (DF);Plano Piloto (DF)
4495489;Região Central (DF);Plano Piloto (DF)
4889983;Região Central (DF);Plano Piloto (DF)
4220706;Região Central (DF);Plano Piloto (DF)
2960214;Região Central (DF);Plano Piloto (DF)
3266095;Região Central (DF);Plano Piloto (DF)
9577726;Região Central (DF);Plano Piloto (DF)
4532546;Região Central (DF);Plano Piloto (DF)
9673288;Região Central (DF);Plano Piloto (DF)
7335016;Região Central (DF);Plano Piloto (DF)
4462084;Região Central (DF);Plano Piloto (DF)
3888274;Região Central (DF);Plano Piloto (DF)
9983872;Região Central (DF);Plano Piloto (DF)
7116365;Região Central (DF);Plano Piloto (DF)
6148808;Região Central (DF);Plano Piloto (DF)
7233353;Região Central (DF);Plano Piloto (DF)
7145373;Região Central (DF);Plano Piloto (DF)
9011404;Região Central (DF);Plano Piloto (DF)
3273717;Região Central (DF);Plano Piloto (DF)
4403339;Região Central (DF);Plano Piloto (DF)
9541055;Região Central (DF);Plano Piloto (DF)
6763464;Região Central (DF);Plano Piloto (DF)
3462528;Região Central (DF);Plano Piloto (DF)
9131000;Região Central (DF);Plano Piloto (DF)
3425215;Região Central (DF);Plano Piloto (DF)
9754598;Região Central (DF);Plano Piloto (DF)
7706340;Região Central (DF);Plano Piloto (DF)
4732901;Região Central (DF);Plano Piloto (DF)
4598490;Região Central (DF);Plano Piloto (DF)
4180984;Região Central (DF);Plano Piloto (DF)
3923185;Região Central (DF);Plano Piloto (DF)
4330374;Região Central (DF);Plano Piloto (DF)
4672917;Região Central (DF);Plano Piloto (DF)
9072268;Região Central (DF);Plano Piloto (DF)
7094671;Região Central (DF);Plano Piloto (DF)
3203999;Região Central (DF);Plano Piloto (DF)
4773756;Região Central (DF);Plano Piloto (DF)
4591208;Região Central (DF);Plano Piloto (DF)
5499593;Região Central (DF);Plano Piloto (DF)
3514765;Região Central (DF);Plano Piloto (DF)
6696503;Região Central (DF);Plano Piloto (DF)
976083;Região Central (DF);Plano Piloto (DF)
6774806;Região Central (DF);Plano Piloto (DF)
4301013;Região Central (DF);Plano Piloto (DF)
6997953;Região Central (DF);Plano Piloto (DF)
4692268;Região Central (DF);Plano Piloto (DF)
4329031;Região Central (DF);Plano Piloto (DF)
4623908;Região Central (DF);Plano Piloto (DF)
9056890;Região Central (DF);Plano Piloto (DF)
7423705;Região Central (DF);Plano Piloto (DF)
2998688;Região Central (DF);Plano Piloto (DF)
153788;Região Central (DF);Plano Piloto (DF)
792152;Região Central (DF);Plano Piloto (DF)
2847167;Região Central (DF);Plano Piloto (DF)
9089632;Região Central (DF);Plano Piloto (DF)
9078460;Região Central (DF);Plano Piloto (DF)
6798748;Região Central (DF);Plano Piloto (DF)
7604505;Região Central (DF);Plano Piloto (DF)
9045139;Região Central (DF);Plano Piloto (DF)
9125272;Região Central (DF);Plano Piloto (DF)
897930;Região Central (DF);Plano Piloto (DF)
6770282;Região Central (DF);Plano Piloto (DF)
4576241;Região Central (DF);Plano Piloto (DF)
4341953;Região Central (DF);Plano Piloto (DF)
3056198;Região Central (DF);Plano Piloto (DF)
3030024;Região Central (DF);Plano Piloto (DF)
3035719;Região Central (DF);Plano Piloto (DF)
6219160;Região Central (DF);Plano Piloto (DF)
4780523;Região Central (DF);Plano Piloto (DF)
7469047;Região Central (DF);Plano Piloto (DF)
7290772;Região Central (DF);Plano Piloto (DF)
3068145;Região Central (DF);Plano Piloto (DF)
4928504;Região Central (DF);Plano Piloto (DF)
5078865;Região Central (DF);Plano Piloto (DF)
7685734;Região Central (DF);Plano Piloto (DF)
9130373;Região Central (DF);Plano Piloto (DF)
3388034;Região Central (DF);Plano Piloto (DF)
969478;Região Central (DF);Plano Piloto (DF)
4784294;Região Central (DF);Plano Piloto (DF)
4589262;Região Central (DF);Sudoeste/Octogonal (DF)
4926994;Região Central (DF);Sudoeste/Octogonal (DF)
5551196;Região Central (DF);Cruzeiro (DF)
9839747;Região Central (DF);Sudoeste/Octogonal (DF)
4859022;Região Central (DF);Sudoeste/Octogonal (DF)
2919249;Região Central (DF);Sudoeste/Octogonal (DF)
2853272;Região Central (DF);Sudoeste/Octogonal (DF)
4878442;Região Central (DF);Sudoeste/Octogonal (DF)
5457742;Região Central (DF);Sudoeste/Octogonal (DF)
9422153;Região Central (DF);Sudoeste/Octogonal (DF)
9100059;Região Central (DF);Sudoeste/Octogonal (DF)
9316736;Região Central (DF);Sudoeste/Octogonal (DF)
2940884;Região Central (DF);Sudoeste/Octogonal (DF)
456128;Região Central (DF);Sudoeste/Octogonal (DF)
676365;Região Central (DF);Sudoeste/Octogonal (DF)
7907354;Região Central (DF);Sudoeste/Octogonal (DF)
5440688;Região Central (DF);Sudoeste/Octogonal (DF)
314587;Região Central (DF);Sudoeste/Octogonal (DF)
9387544;Região Central (DF);Plano Piloto (DF)
4878957;Região Central (DF);Plano Piloto (DF)
3464865;Região Central (DF);Plano Piloto (DF)
796484;Região Central (DF);Plano Piloto (DF)
9317791;Região Central (DF);Plano Piloto (DF)
4236963;Região Central (DF);Plano Piloto (DF)
7116101;Região Central (DF);Plano Piloto (DF)
4404505;Região Central (DF);Plano Piloto (DF)
4147030;Região Central (DF);Plano Piloto (DF)
4519728;Região Central (DF);Plano Piloto (DF)
6739091;Região Central (DF);Plano Piloto (DF)
9615385;Região Central (DF);Plano Piloto (DF)
379158;Região Central (DF);Plano Piloto (DF)
5371112;Região Central (DF);Plano Piloto (DF)
2922215;Região Central (DF);Plano Piloto (DF)
9361944;Região Central (DF);Plano Piloto (DF)
5445353;Região Central (DF);Plano Piloto (DF)
3363996;Região Central (DF);Plano Piloto (DF)
4610628;Região Central (DF);Plano Piloto (DF)
3505073;Região Central (DF);Plano Piloto (DF)
794007;Região Central (DF);Plano Piloto (DF)
3719952;Região Central (DF);Plano Piloto (DF)
5468256;Região Central (DF);Plano Piloto (DF)
9911081;Região Central (DF);Plano Piloto (DF)
4596447;Região Central (DF);Plano Piloto (DF)
359653;Região Central (DF);Plano Piloto (DF)
4004612;Região Central (DF);Plano Piloto (DF)
3212599;Região Central (DF);Plano Piloto (DF)
399035;Região Central (DF);Plano Piloto (DF)
9129545;Região Central (DF);Plano Piloto (DF)
3879496;Região Central (DF);Plano Piloto (DF)
7757972;Região Central (DF);Plano Piloto (DF)
9970576;Região Central (DF);Plano Piloto (DF)
4344421;Região Central (DF);Plano Piloto (DF)
6607640;Região Central (DF);Plano Piloto (DF)
5350131;Região Central (DF);Plano Piloto (DF)
6667090;Região Central (DF);Plano Piloto (DF)
4853520;Região Central (DF);Plano Piloto (DF)
6037208;Região Central (DF);Plano Piloto (DF)
958220;Região Central (DF);Plano Piloto (DF)
7722826;Região Central (DF);Plano Piloto (DF)
7947100;Região Central (DF);Plano Piloto (DF)
4136942;Região Central (DF);Plano Piloto (DF)
9527656;Região Central (DF);Plano Piloto (DF)
3062147;Região Central (DF);Plano Piloto (DF)
3077144;Região Central (DF);Plano Piloto (DF)
994154;Região Central (DF);Plano Piloto (DF)
4325214;Região Central (DF);Plano Piloto (DF)
4430018;Região Central (DF);Plano Piloto (DF)
4590201;Região Central (DF);Plano Piloto (DF)
9792007;Região Central (DF);Plano Piloto (DF)
4509439;Região Central (DF);Plano Piloto (DF)
9547398;Região Central (DF);Plano Piloto (DF)
4221451;Região Central (DF);Plano Piloto (DF)
9422889;Região Central (DF);Plano Piloto (DF)
9369694;Região Central (DF);Plano Piloto (DF)
865494;Região Central (DF);Plano Piloto (DF)
4329570;Região Central (DF);Plano Piloto (DF)
992879;Região Central (DF);Plano Piloto (DF)
6673058;Região Central (DF);Plano Piloto (DF)
9631704;Região Central (DF);Plano Piloto (DF)
7153384;Região Centro-Sul (DF);Guará (DF)
61387;Região Centro-Sul (DF);Guará (DF)
896454;Região Centro-Sul (DF);Guará (DF)
9277064;Região Centro-Sul (DF);Guará (DF)
4314506;Região Central (DF);Lago Norte (DF)
9325905;Região Central (DF);Lago Norte (DF)
3047563;Região Central (DF);Lago Norte (DF)
9344616;Região Central (DF);Lago Norte (DF)
4497368;Região Leste (DF);Paranoá (DF)
4139593;Região Leste (DF);Paranoá (DF)
4043065;Região Central (DF);Lago Sul (DF)
3086569;Região Central (DF);Lago Sul (DF)
3098753;Região Central (DF);Lago Sul (DF)
9038353;Região Central (DF);Lago Sul (DF)
4688112;Região Central (DF);Lago Sul (DF)
258369;Região Central (DF);Lago Sul (DF)
471909;Região Leste (DF);São Sebastião (DF)
4519736;Região Centro-Sul (DF);Núcleo Bandeirante (DF)
892599;Região Centro-Sul (DF);Núcleo Bandeirante (DF)
9477845;Região Centro-Sul (DF);Riacho Fundo I (DF)
2929708;Região Centro-Sul (DF);Riacho Fundo I (DF)
298115;Região Sudoeste (DF);Águas Claras (DF)
2820994;Região Sudoeste (DF);Águas Claras (DF)
9809635;Região Sudoeste (DF);Águas Claras (DF)
7826516;Região Sudoeste (DF);Águas Claras (DF)
9598251;Região Sudoeste (DF);Águas Claras (DF)
2906627;Região Sudoeste (DF);Águas Claras (DF)
7350171;Região Sudoeste (DF);Águas Claras (DF)
4879023;Região Sudoeste (DF);Águas Claras (DF)
2796945;Região Sudoeste (DF);Águas Claras (DF)
4279115;Região Sudoeste (DF);Águas Claras (DF)
9587896;Região Sudoeste (DF);Águas Claras (DF)
4423003;Região Sudoeste (DF);Águas Claras (DF)
4762843;Região Sudoeste (DF);Águas Claras (DF)
4912993;Região Sudoeste (DF);Águas Claras (DF)
4450426;Região Sudoeste (DF);Águas Claras (DF)
3509745;Região Sudoeste (DF);Águas Claras (DF)
4539052;Região Sudoeste (DF);Águas Claras (DF)
5488311;Região Sudoeste (DF);Águas Claras (DF)
4101995;Região Sudoeste (DF);Águas Claras (DF)
2882345;Região Sudoeste (DF);Águas Claras (DF)
9058249;Região Sudoeste (DF);Águas Claras (DF)
5485142;Região Sudoeste (DF);Águas Claras (DF)
7234;Região Sudoeste (DF);Águas Claras (DF)
7351429;Região Sudoeste (DF);Águas Claras (DF)
9785833;Região Sudoeste (DF);Águas Claras (DF)
9311742;Região Sudoeste (DF);Águas Claras (DF)
9945237;Região Sudoeste (DF);Águas Claras (DF)
9307249;Região Sudoeste (DF);Águas Claras (DF)
3375978;Região Sudoeste (DF);Águas Claras (DF)
4918568;Região Sudoeste (DF);Águas Claras (DF)
4391551;Região Sudoeste (DF);Águas Claras (DF)
4475321;Região Sudoeste (DF);Águas Claras (DF)
6940692;Região Sudoeste (DF);Águas Claras (DF)
5341914;Região Sudoeste (DF);Águas Claras (DF)
6251153;Região Sudoeste (DF);Águas Claras (DF)
9514619;Região Sudoeste (DF);Águas Claras (DF)
9774912;Região Sudoeste (DF);Águas Claras (DF)
3515419;Região Sudoeste (DF);Águas Claras (DF)
4142675;Região Sudoeste (DF);Arniqueira (DF)
5213428;Região Sudoeste (DF);Vicente Pires (DF)
2896583;Região Sudoeste (DF);Taguatinga (DF)
3040852;Região Sudoeste (DF);Taguatinga (DF)
7022182;Região Sudoeste (DF);Taguatinga (DF)
5137500;Região Sudoeste (DF);Taguatinga (DF)
5537622;Região Sudoeste (DF);Taguatinga (DF)
9625631;Região Sudoeste (DF);Taguatinga (DF)
979155;Região Sudoeste (DF);Taguatinga (DF)
9230149;Região Sudoeste (DF);Taguatinga (DF)
4705297;Região Sudoeste (DF);Taguatinga (DF)
4114442;Região Sudoeste (DF);Taguatinga (DF)
5341892;Região Sudoeste (DF);Taguatinga (DF)
4882296;Região Sudoeste (DF);Taguatinga (DF)
7697597;Região Sudoeste (DF);Taguatinga (DF)
7916809;Região Sudoeste (DF);Taguatinga (DF)
4888634;Região Sudoeste (DF);Taguatinga (DF)
2966832;Região Sudoeste (DF);Taguatinga (DF)
3057682;Região Sudoeste (DF);Taguatinga (DF)
9595147;Região Sudoeste (DF);Taguatinga (DF)
9364137;Região Sudoeste (DF);Taguatinga (DF)
6600557;Região Sudoeste (DF);Taguatinga (DF)
9783946;Região Sudoeste (DF);Taguatinga (DF)
998583;Região Sudoeste (DF);Taguatinga (DF)
4316916;Região Sudoeste (DF);Taguatinga (DF)
4665929;Região Sudoeste (DF);Taguatinga (DF)
793639;Região Sudoeste (DF);Taguatinga (DF)
4165675;Região Sudoeste (DF);Taguatinga (DF)
4330242;Região Sudoeste (DF);Taguatinga (DF)
4617428;Região Sudoeste (DF);Taguatinga (DF)
4652428;Região Sudoeste (DF);Taguatinga (DF)
9608370;Região Sudoeste (DF);Taguatinga (DF)
9477020;Região Sudoeste (DF);Taguatinga (DF)
4488962;Região Sudoeste (DF);Taguatinga (DF)
9953485;Região Sudoeste (DF);Taguatinga (DF)
924326;Região Sudoeste (DF);Taguatinga (DF)
4966902;Região Sudoeste (DF);Taguatinga (DF)
4639073;Região Sudoeste (DF);Taguatinga (DF)
4061063;Região Sudoeste (DF);Taguatinga (DF)
827525;Região Sudoeste (DF);Taguatinga (DF)
9914609;Região Sudoeste (DF);Taguatinga (DF)
4663535;Região Sudoeste (DF);Taguatinga (DF)
4519760;Região Oeste (DF);Ceilândia (DF)
7725264;Região Oeste (DF);Ceilândia (DF)
936650;Região Oeste (DF);Ceilândia (DF)
4576756;Região Oeste (DF);Ceilândia (DF)
90131;Região Oeste (DF);Ceilândia (DF)
7479204;Região Oeste (DF);Ceilândia (DF)
4519663;Região Oeste (DF);Ceilândia (DF)
3539946;Região Oeste (DF);Ceilândia (DF)
4075978;Região Oeste (DF);Ceilândia (DF)
4505824;Região Oeste (DF);Ceilândia (DF)
4305949;Região Sudoeste (DF);Samambaia (DF)
9731113;Região Sudoeste (DF);Samambaia (DF)
3429180;Região Sudoeste (DF);Samambaia (DF)
7809921;Região Sudoeste (DF);Samambaia (DF)
4667778;Região Sudoeste (DF);Samambaia (DF)
2967456;Região Sul (DF);Gama (DF)
4229894;Região Sul (DF);Gama (DF)
975842;Região Sul (DF);Gama (DF)
9283811;Região Sul (DF);Gama (DF)
4584104;Região Sul (DF);Gama (DF)
767182;Região Sul (DF);Gama (DF)
5921538;Região Sul (DF);Gama (DF)
4287762;Região Sul (DF);Santa Maria (DF)
3830373;Região Sul (DF);Santa Maria (DF)
4625641;Região Sul (DF);Santa Maria (DF)
6645208;Região Sul (DF);Santa Maria (DF)
6612156;Região Sul (DF);Santa Maria (DF)
2903830;Região Sul (DF);Santa Maria (DF)
4664612;Região Sul (DF);Santa Maria (DF)
86800;Região Sudoeste (DF);Recanto das Emas (DF)
4780485;Região Sudoeste (DF);Recanto das Emas (DF)
4263316;Região Oeste (DF);Brazlândia (DF)
5296668;Região Norte (DF);Sobradinho (DF)
4551184;Região Norte (DF);Sobradinho (DF)
3031926;Região Norte (DF);Sobradinho (DF)
3031632;Região Norte (DF);Sobradinho (DF)
873055;Região Norte (DF);Sobradinho (DF)
9568786;Região Norte (DF);Sobradinho (DF)
940933;Região Norte (DF);Sobradinho (DF)
9619399;Região Norte (DF);Sobradinho (DF)
4120574;Região Norte (DF);Planaltina (DF)
4831241;Região Norte (DF);Planaltina (DF)
5396255;Região Norte (DF);Planaltina (DF)
9471324;Região Norte (DF);Planaltina (DF)
4078365;Região Norte (DF);Planaltina (DF)
6471560;Região Central (DF);Plano Piloto (DF)
9315551;Região Central (DF);Plano Piloto (DF)
2627558;Região Central (DF);Plano Piloto (DF)
5334330;Região Central (DF);Plano Piloto (DF)
896373;Região Central (DF);Plano Piloto (DF)
966738;Região Central (DF);Plano Piloto (DF)
7913745;Região Central (DF);Plano Piloto (DF)
7718675;Região Central (DF);Plano Piloto (DF)
5556481;Região Central (DF);Plano Piloto (DF)
9054723;Região Central (DF);Plano Piloto (DF)
4679458;Região Central (DF);Plano Piloto (DF)
9255974;Região Central (DF);Plano Piloto (DF)
5442885;Região Central (DF);Plano Piloto (DF)
7121849;Região Central (DF);Plano Piloto (DF)
9845011;Região Central (DF);Plano Piloto (DF)
7918569;Região Central (DF);Plano Piloto (DF)
3956784;Região Central (DF);Plano Piloto (DF)
9849645;Região Central (DF);Plano Piloto (DF)
7215762;Região Central (DF);Plano Piloto (DF)
3514854;Região Central (DF);Plano Piloto (DF)
9530258;Região Central (DF);Plano Piloto (DF)
4763858;Região Central (DF);Plano Piloto (DF)
7102690;Região Central (DF);Plano Piloto (DF)
9462546;Região Central (DF);Plano Piloto (DF)
5470668;Região Central (DF);Plano Piloto (DF)
4097424;Região Central (DF);Plano Piloto (DF)
4386221;Região Central (DF);Plano Piloto (DF)
4042204;Região Central (DF);Plano Piloto (DF)
2880105;Região Central (DF);Plano Piloto (DF)
9451978;Região Central (DF);Plano Piloto (DF)
7478518;Região Central (DF);Plano Piloto (DF)
9130225;Região Central (DF);Plano Piloto (DF)
3216454;Região Central (DF);Plano Piloto (DF)
3177548;Região Central (DF);Plano Piloto (DF)
3576027;Região Central (DF);Plano Piloto (DF)
7828772;Região Central (DF);Plano Piloto (DF)
6804632;Região Central (DF);Plano Piloto (DF)
4710959;Região Central (DF);Plano Piloto (DF)
4744101;Região Central (DF);Plano Piloto (DF)
2866986;Região Central (DF);Plano Piloto (DF)
3289028;Região Central (DF);Plano Piloto (DF)
3066487;Região Central (DF);Plano Piloto (DF)
5507464;Região Central (DF);Plano Piloto (DF)
9834508;Região Central (DF);Plano Piloto (DF)
4371836;Região Central (DF);Plano Piloto (DF)
4530055;Região Central (DF);Plano Piloto (DF)
7588305;Região Central (DF);Plano Piloto (DF)
3210944;Região Central (DF);Plano Piloto (DF)
5849632;Região Central (DF);Plano Piloto (DF)
7250509;Região Central (DF);Plano Piloto (DF)
7313578;Região Central (DF);Plano Piloto (DF)
4609719;Região Central (DF);Plano Piloto (DF)
3504166;Região Central (DF);Plano Piloto (DF)
9756566;Região Central (DF);Plano Piloto (DF)
9869689;Região Central (DF);Plano Piloto (DF)
6474039;Região Central (DF);Plano Piloto (DF)
9892508;Região Central (DF);Plano Piloto (DF)
5128765;Região Central (DF);Plano Piloto (DF)
7339895;Região Central (DF);Plano Piloto (DF)
4494350;Região Central (DF);Plano Piloto (DF)
3575853;Região Central (DF);Plano Piloto (DF)
9830782;Região Central (DF);Plano Piloto (DF)
3281124;Região Central (DF);Plano Piloto (DF)
776246;Região Central (DF);Plano Piloto (DF)
9380736;Região Central (DF);Plano Piloto (DF)
4020138;Região Central (DF);Plano Piloto (DF)
3211568;Região Central (DF);Plano Piloto (DF)
7787065;Região Central (DF);Plano Piloto (DF)
2880067;Região Central (DF);Plano Piloto (DF)
6774768;Região Central (DF);Plano Piloto (DF)
7656742;Região Central (DF);Plano Piloto (DF)
6150292;Região Central (DF);Plano Piloto (DF)
4219201;Região Central (DF);Plano Piloto (DF)
9662421;Região Central (DF);Plano Piloto (DF)
3438619;Região Central (DF);Plano Piloto (DF)
5985854;Região Central (DF);Plano Piloto (DF)
3211827;Região Central (DF);Plano Piloto (DF)
3029867;Região Central (DF);Plano Piloto (DF)
3035743;Região Central (DF);Plano Piloto (DF)
3029611;Região Central (DF);Plano Piloto (DF)
3061655;Região Central (DF);Plano Piloto (DF)
6922740;Região Central (DF);Plano Piloto (DF)
4589998;Região Central (DF);Plano Piloto (DF)
9889930;Região Central (DF);Plano Piloto (DF)
4073304;Região Central (DF);Plano Piloto (DF)
6738680;Região Central (DF);Plano Piloto (DF)
7511051;Região Central (DF);Plano Piloto (DF)
7826435;Região Central (DF);Plano Piloto (DF)
9048006;Região Central (DF);Plano Piloto (DF)
3298272;Região Central (DF);Plano Piloto (DF)
4544196;Região Central (DF);Plano Piloto (DF)
3103161;Região Central (DF);Plano Piloto (DF)
3457362;Região Central (DF);Sudoeste/Octogonal (DF)
129143;Região Central (DF);Sudoeste/Octogonal (DF)
3966887;Região Central (DF);Sudoeste/Octogonal (DF)
718475;Região Central (DF);Sudoeste/Octogonal (DF)
5268672;Região Central (DF);Sudoeste/Octogonal (DF)
9039775;Região Central (DF);Sudoeste/Octogonal (DF)
9915605;Região Central (DF);Sudoeste/Octogonal (DF)
9892737;Região Central (DF);Sudoeste/Octogonal (DF)
9561277;Região Central (DF);Sudoeste/Octogonal (DF)
5403200;Região Central (DF);Sudoeste/Octogonal (DF)
4088549;Região Central (DF);Plano Piloto (DF)
3417441;Região Central (DF);Plano Piloto (DF)
6148859;Região Central (DF);Plano Piloto (DF)
4352106;Região Central (DF);Plano Piloto (DF)
4917375;Região Central (DF);Plano Piloto (DF)
4832221;Região Central (DF);Plano Piloto (DF)
3532526;Região Central (DF);Plano Piloto (DF)
3879453;Região Central (DF);Plano Piloto (DF)
6651879;Região Central (DF);Plano Piloto (DF)
3955249;Região Central (DF);Plano Piloto (DF)
9427376;Região Central (DF);Plano Piloto (DF)
2616971;Região Central (DF);Plano Piloto (DF)
4137760;Região Central (DF);Plano Piloto (DF)
6567894;Região Central (DF);Plano Piloto (DF)
9330100;Região Central (DF);Plano Piloto (DF)
198110;Região Central (DF);Plano Piloto (DF)
6710875;Região Central (DF);Plano Piloto (DF)
973653;Região Central (DF);Plano Piloto (DF)
9115404;Região Central (DF);Plano Piloto (DF)
5039711;Região Central (DF);Plano Piloto (DF)
4584686;Região Central (DF);Plano Piloto (DF)
6958850;Região Central (DF);Plano Piloto (DF)
7902972;Região Central (DF);Plano Piloto (DF)
864188;Região Central (DF);Plano Piloto (DF)
705586;Região Central (DF);Plano Piloto (DF)
9377611;Região Central (DF);Plano Piloto (DF)
3061787;Região Central (DF);Plano Piloto (DF)
4780604;Região Central (DF);Plano Piloto (DF)
7771002;Região Central (DF);Plano Piloto (DF)
4592719;Região Central (DF);Plano Piloto (DF)
6572693;Região Central (DF);Plano Piloto (DF)
4714008;Região Central (DF);Plano Piloto (DF)
3752666;Região Central (DF);Plano Piloto (DF)
4632729;Região Central (DF);Plano Piloto (DF)
254231;Região Central (DF);Plano Piloto (DF)
4063333;Região Central (DF);Plano Piloto (DF)
4339169;Região Central (DF);Plano Piloto (DF)
4553411;Região Central (DF);Plano Piloto (DF)
917796;Região Central (DF);Plano Piloto (DF)
4865820;Região Central (DF);Plano Piloto (DF)
4864166;Região Central (DF);Plano Piloto (DF)
3211142;Região Central (DF);Plano Piloto (DF)
9436901;Região Central (DF);Plano Piloto (DF)
5464560;Região Central (DF);Plano Piloto (DF)
9040293;Região Centro-Sul (DF);Guará (DF)
631221;Região Centro-Sul (DF);Guará (DF)
9122605;Região Centro-Sul (DF);Guará (DF)
4338677;Região Centro-Sul (DF);Guará (DF)
475955;Região Centro-Sul (DF);Guará (DF)
4283821;Região Central (DF);Lago Norte (DF)
902780;Região Leste (DF);Itapoã (DF)
6604501;Região Central (DF);Lago Sul (DF)
4351843;Região Central (DF);Lago Sul (DF)
6021573;Região Central (DF);Lago Sul (DF)
9632107;Região Central (DF);Lago Sul (DF)
4539206;Região Central (DF);Lago Sul (DF)
4527275;Região Central (DF);Lago Sul (DF)
9512179;Região Central (DF);Lago Sul (DF)
3388026;Região Central (DF);Lago Sul (DF)
7823282;Região Leste (DF);Jardim Botânico (DF)
9391320;Região Leste (DF);Jardim Botânico (DF)
5331390;Região Leste (DF);Jardim Botânico (DF)
5489431;Região Leste (DF);São Sebastião (DF)
5489318;Região Leste (DF);São Sebastião (DF)
804282;Região Leste (DF);São Sebastião (DF)
2950014;Região Centro-Sul (DF);Núcleo Bandeirante (DF)
4419243;Região Sudoeste (DF);Águas Claras (DF)
5286166;Região Sudoeste (DF);Águas Claras (DF)
4077407;Região Sudoeste (DF);Águas Claras (DF)
9906312;Região Sudoeste (DF);Águas Claras (DF)
2870681;Região Sudoeste (DF);Águas Claras (DF)
4377478;Região Sudoeste (DF);Águas Claras (DF)
4407741;Região Sudoeste (DF);Águas Claras (DF)
4984536;Região Sudoeste (DF);Águas Claras (DF)
4723244;Região Sudoeste (DF);Águas Claras (DF)
4803728;Região Sudoeste (DF);Águas Claras (DF)
265403;Região Sudoeste (DF);Águas Claras (DF)
4394585;Região Sudoeste (DF);Águas Claras (DF)
4510348;Região Sudoeste (DF);Águas Claras (DF)
4667700;Região Sudoeste (DF);Águas Claras (DF)
807826;Região Sudoeste (DF);Águas Claras (DF)
772860;Região Sudoeste (DF);Águas Claras (DF)
4962214;Região Sudoeste (DF);Águas Claras (DF)
4940997;Região Sudoeste (DF);Águas Claras (DF)
3879461;Região Sudoeste (DF);Águas Claras (DF)
4761758;Região Sudoeste (DF);Águas Claras (DF)
4058658;Região Sudoeste (DF);Águas Claras (DF)
6300375;Região Sudoeste (DF);Águas Claras (DF)
3100219;Região Sudoeste (DF);Águas Claras (DF)
4984080;Região Sudoeste (DF);Vicente Pires (DF)
4942116;Região Sudoeste (DF);Vicente Pires (DF)
9456376;Região Sudoeste (DF);Taguatinga (DF)
3274136;Região Sudoeste (DF);Taguatinga (DF)
7898258;Região Sudoeste (DF);Taguatinga (DF)
9701397;Região Sudoeste (DF);Taguatinga (DF)
3231305;Região Sudoeste (DF);Taguatinga (DF)
480010;Região Sudoeste (DF);Taguatinga (DF)
9027068;Região Sudoeste (DF);Taguatinga (DF)
9967710;Região Sudoeste (DF);Taguatinga (DF)
4375734;Região Sudoeste (DF);Taguatinga (DF)
6159885;Região Sudoeste (DF);Taguatinga (DF)
7181183;Região Sudoeste (DF);Taguatinga (DF)
883050;Região Sudoeste (DF);Taguatinga (DF)
6323995;Região Sudoeste (DF);Taguatinga (DF)
5485444;Região Sudoeste (DF);Taguatinga (DF)
3075699;Região Sudoeste (DF);Taguatinga (DF)
3934772;Região Sudoeste (DF);Taguatinga (DF)
2938634;Região Sudoeste (DF);Taguatinga (DF)
9832017;Região Sudoeste (DF);Taguatinga (DF)
7009445;Região Sudoeste (DF);Taguatinga (DF)
3048136;Região Sudoeste (DF);Taguatinga (DF)
5582318;Região Sudoeste (DF);Taguatinga (DF)
41769;Região Sudoeste (DF);Taguatinga (DF)
283444;Região Sudoeste (DF);Taguatinga (DF)
4894758;Região Sudoeste (DF);Taguatinga (DF)
7756488;Região Sudoeste (DF);Taguatinga (DF)
4157672;Região Oeste (DF);Ceilândia (DF)
4732952;Região Oeste (DF);Ceilândia (DF)
5321425;Região Oeste (DF);Ceilândia (DF)
9104259;Região Oeste (DF);Ceilândia (DF)
4407938;Região Oeste (DF);Ceilândia (DF)
4633369;Região Oeste (DF);Ceilândia (DF)
4384571;Região Oeste (DF);Ceilândia (DF)
223670;Região Oeste (DF);Ceilândia (DF)
721492;Região Oeste (DF);Ceilândia (DF)
7472927;Região Oeste (DF);Ceilândia (DF)
7426305;Região Oeste (DF);Ceilândia (DF)
4276914;Região Oeste (DF);Ceilândia (DF)
4700465;Região Oeste (DF);Ceilândia (DF)
9942165;Região Oeste (DF);Pôr do Sol/ Sol Nascente (DF)
9881417;Região Oeste (DF);Ceilândia (DF)
935255;Região Sudoeste (DF);Samambaia (DF)
7098383;Região Sudoeste (DF);Samambaia (DF)
4288335;Região Sudoeste (DF);Samambaia (DF)
4911695;Região Sudoeste (DF);Samambaia (DF)
9838627;Região Sudoeste (DF);Samambaia (DF)
981281;Região Sul (DF);Gama (DF)
473057;Região Sul (DF);Gama (DF)
4537106;Região Sul (DF);Gama (DF)
4618173;Região Sul (DF);Gama (DF)
486655;Região Sul (DF);Gama (DF)
5421209;Região Sul (DF);Gama (DF)
4652371;Região Sul (DF);Gama (DF)
4033965;Região Sul (DF);Gama (DF)
878359;Região Sul (DF);Gama (DF)
3112942;Região Sul (DF);Gama (DF)
6771874;Região Sul (DF);Gama (DF)
6273904;Região Sul (DF);Gama (DF)
4412176;Região Sul (DF);Santa Maria (DF)
4802942;Região Sul (DF);Santa Maria (DF)
9077774;Região Sul (DF);Santa Maria (DF)
4904826;Região Sul (DF);Santa Maria (DF)
3379655;Região Sul (DF);Santa Maria (DF)
4144783;Região Sul (DF);Santa Maria (DF)
4623916;Região Sul (DF);Santa Maria (DF)
4635906;Região Sul (DF);Santa Maria (DF)
5967759;Região Sudoeste (DF);Recanto das Emas (DF)
4587642;Região Sudoeste (DF);Recanto das Emas (DF)
5003628;Região Sudoeste (DF);Recanto das Emas (DF)
5349826;Região Norte (DF);Sobradinho (DF)
4077709;Região Norte (DF);Sobradinho (DF)
6527353;Região Norte (DF);Sobradinho (DF)
9462775;Região Norte (DF);Sobradinho (DF)
4689283;Região Norte (DF);Sobradinho (DF)
5083109;Região Norte (DF);Sobradinho (DF)
9346910;Região Norte (DF);Planaltina (DF)
9890939;Região Norte (DF);Planaltina (DF)
4753453;Região Norte (DF);Planaltina (DF)
4693108;Região Central (DF);Plano Piloto (DF)
4540182;Região Central (DF);Plano Piloto (DF)
4006461;Região Central (DF);Plano Piloto (DF)
7282192;Região Central (DF);Plano Piloto (DF)
9249044;Região Central (DF);Plano Piloto (DF)
5913470;Região Central (DF);Plano Piloto (DF)
69892;Região Central (DF);Plano Piloto (DF)
4278704;Região Central (DF);Plano Piloto (DF)
4339290;Região Central (DF);Plano Piloto (DF)
7289847;Região Central (DF);Plano Piloto (DF)
9414789;Região Central (DF);Plano Piloto (DF)
3104885;Região Central (DF);Plano Piloto (DF)
6389848;Região Central (DF);Plano Piloto (DF)
4380703;Região Central (DF);Plano Piloto (DF)
222526;Região Central (DF);Plano Piloto (DF)
2993708;Região Central (DF);Plano Piloto (DF)
9098240;Região Central (DF);Plano Piloto (DF)
9204628;Região Central (DF);Plano Piloto (DF)
7572743;Região Central (DF);Plano Piloto (DF)
4497341;Região Central (DF);Plano Piloto (DF)
5475813;Região Central (DF);Plano Piloto (DF)
6325017;Região Central (DF);Plano Piloto (DF)
5135028;Região Central (DF);Plano Piloto (DF)
6239145;Região Central (DF);Plano Piloto (DF)
838454;Região Central (DF);Plano Piloto (DF)
4651561;Região Central (DF);Plano Piloto (DF)
84034;Região Central (DF);Plano Piloto (DF)
4265408;Região Central (DF);Plano Piloto (DF)
4081153;Região Central (DF);Plano Piloto (DF)
5108284;Região Central (DF);Plano Piloto (DF)
9321047;Região Central (DF);Plano Piloto (DF)
7356099;Região Central (DF);Plano Piloto (DF)
7701438;Região Central (DF);Plano Piloto (DF)
6910688;Região Central (DF);Plano Piloto (DF)
7711379;Região Central (DF);Plano Piloto (DF)
9456481;Região Central (DF);Plano Piloto (DF)
3288943;Região Central (DF);Plano Piloto (DF)
3956792;Região Central (DF);Plano Piloto (DF)
7973713;Região Central (DF);Plano Piloto (DF)
7718683;Região Central (DF);Plano Piloto (DF)
3104591;Região Central (DF);Plano Piloto (DF)
9213074;Região Central (DF);Plano Piloto (DF)
3464954;Região Central (DF);Plano Piloto (DF)
7348541;Região Central (DF);Plano Piloto (DF)
4217004;Região Central (DF);Plano Piloto (DF)
7819234;Região Central (DF);Plano Piloto (DF)
7581203;Região Central (DF);Plano Piloto (DF)
3355535;Região Central (DF);Plano Piloto (DF)
3429105;Região Central (DF);Plano Piloto (DF)
5370108;Região Central (DF);Plano Piloto (DF)
3035662;Região Central (DF);Plano Piloto (DF)
3373428;Região Central (DF);Plano Piloto (DF)
3364216;Região Central (DF);Plano Piloto (DF)
7728387;Região Central (DF);Plano Piloto (DF)
9296468;Região Central (DF);Plano Piloto (DF)
4157478;Região Central (DF);Plano Piloto (DF)
3104893;Região Central (DF);Plano Piloto (DF)
4519671;Região Central (DF);Plano Piloto (DF)
5039479;Região Central (DF);Sudoeste/Octogonal (DF)
2972727;Região Central (DF);Sudoeste/Octogonal (DF)
9226613;Região Central (DF);Sudoeste/Octogonal (DF)
9049592;Região Central (DF);Sudoeste/Octogonal (DF)
4628055;Região Central (DF);Sudoeste/Octogonal (DF)
857793;Região Central (DF);Sudoeste/Octogonal (DF)
4474104;Região Central (DF);Sudoeste/Octogonal (DF)
4904990;Região Central (DF);Plano Piloto (DF)
7970706;Região Central (DF);Plano Piloto (DF)
164054;Região Central (DF);Plano Piloto (DF)
9007830;Região Central (DF);Plano Piloto (DF)
4719239;Região Central (DF);Plano Piloto (DF)
6950736;Região Central (DF);Plano Piloto (DF)
4708288;Região Central (DF);Plano Piloto (DF)
2852551;Região Central (DF);Plano Piloto (DF)
3289052;Região Central (DF);Plano Piloto (DF)
3024938;Região Central (DF);Plano Piloto (DF)
7910460;Região Central (DF);Plano Piloto (DF)
936391;Região Central (DF);Plano Piloto (DF)
7345607;Região Central (DF);Plano Piloto (DF)
7929560;Região Central (DF);Plano Piloto (DF)
4780442;Região Central (DF);Plano Piloto (DF)
3373347;Região Central (DF);Plano Piloto (DF)
4526201;Região Central (DF);Plano Piloto (DF)
9149090;Região Central (DF);Plano Piloto (DF)
4692209;Região Central (DF);Plano Piloto (DF)
4345576;Região Central (DF);Plano Piloto (DF)
7033923;Região Central (DF);Plano Piloto (DF)
4983661;Região Central (DF);Plano Piloto (DF)
9217460;Região Central (DF);Plano Piloto (DF)
5526833;Região Central (DF);Plano Piloto (DF)
4451740;Região Centro-Sul (DF);Guará (DF)
9672982;Região Centro-Sul (DF);Guará (DF)
646253;Região Centro-Sul (DF);Guará (DF)
9559116;Região Centro-Sul (DF);Guará (DF)
4914775;Região Centro-Sul (DF);Guará (DF)
4376498;Região Centro-Sul (DF);Guará (DF)
974080;Região Leste (DF);Paranoá (DF)
9949488;Região Leste (DF);Paranoá (DF)
4043030;Região Leste (DF);Paranoá (DF)
4528824;Região Leste (DF);Paranoá (DF)
9579214;Região Central (DF);Lago Sul (DF)
3379787;Região Central (DF);Lago Sul (DF)
4436490;Região Central (DF);Lago Sul (DF)
5085098;Região Central (DF);Lago Sul (DF)
9804544;Região Leste (DF);Jardim Botânico (DF)
4531272;Região Leste (DF);Jardim Botânico (DF)
9692541;Região Sudoeste (DF);Águas Claras (DF)
4079353;Região Sudoeste (DF);Águas Claras (DF)
24058;Região Sudoeste (DF);Águas Claras (DF)
4966171;Região Sudoeste (DF);Águas Claras (DF)
4155114;Região Sudoeste (DF);Águas Claras (DF)
5542014;Região Sudoeste (DF);Águas Claras (DF)
4678885;Região Sudoeste (DF);Águas Claras (DF)
4635892;Região Sudoeste (DF);Águas Claras (DF)
6527345;Região Sudoeste (DF);Águas Claras (DF)
4790227;Região Sudoeste (DF);Águas Claras (DF)
7932669;Região Sudoeste (DF);Águas Claras (DF)
9408886;Região Sudoeste (DF);Águas Claras (DF)
4599098;Região Sudoeste (DF);Águas Claras (DF)
29580;Região Sudoeste (DF);Águas Claras (DF)
4563131;Região Sudoeste (DF);Águas Claras (DF)
9114580;Região Sudoeste (DF);Águas Claras (DF)
9923934;Região Sudoeste (DF);Águas Claras (DF)
9122303;Região Sudoeste (DF);Águas Claras (DF)
2997681;Região Sudoeste (DF);Águas Claras (DF)
4070038;Região Sudoeste (DF);Águas Claras (DF)
9828508;Região Sudoeste (DF);Arniqueira (DF)
2870630;Região Sudoeste (DF);Vicente Pires (DF)
3043118;Região Sudoeste (DF);Taguatinga (DF)
4007433;Região Sudoeste (DF);Taguatinga (DF)
4075986;Região Sudoeste (DF);Taguatinga (DF)
9908498;Região Sudoeste (DF);Taguatinga (DF)
5669502;Região Sudoeste (DF);Taguatinga (DF)
9877282;Região Sudoeste (DF);Taguatinga (DF)
4158792;Região Sudoeste (DF);Taguatinga (DF)
7425627;Região Sudoeste (DF);Taguatinga (DF)
7686323;Região Sudoeste (DF);Taguatinga (DF)
9176888;Região Sudoeste (DF);Taguatinga (DF)
9322051;Região Sudoeste (DF);Taguatinga (DF)
3208478;Região Sudoeste (DF);Taguatinga (DF)
4156447;Região Sudoeste (DF);Taguatinga (DF)
9567003;Região Sudoeste (DF);Taguatinga (DF)
4045165;Região Sudoeste (DF);Taguatinga (DF)
4217608;Região Sudoeste (DF);Taguatinga (DF)
7909101;Região Sudoeste (DF);Taguatinga (DF)
4076109;Região Oeste (DF);Ceilândia (DF)
9502793;Região Oeste (DF);Ceilândia (DF)
4900006;Região Oeste (DF);Ceilândia (DF)
4103459;Região Oeste (DF);Ceilândia (DF)
3530744;Região Oeste (DF);Ceilândia (DF)
708089;Região Oeste (DF);Ceilândia (DF)
4891155;Região Sudoeste (DF);Samambaia (DF)
3034046;Região Sul (DF);Gama (DF)
5290139;Região Sul (DF);Gama (DF)
4391365;Região Sul (DF);Gama (DF)
6576605;Região Sul (DF);Gama (DF)
4190645;Região Sul (DF);Santa Maria (DF)
4747003;Região Sul (DF);Santa Maria (DF)
4423461;Região Sul (DF);Santa Maria (DF)
7856881;Região Sudoeste (DF);Recanto das Emas (DF)
9260242;Região Sudoeste (DF);Recanto das Emas (DF)
7464045;Região Norte (DF);Sobradinho (DF)
4278631;Região Norte (DF);Sobradinho (DF)
4140737;Região Norte (DF);Sobradinho (DF)
9355618;Região Norte (DF);Sobradinho (DF)
4583507;Região Norte (DF);Sobradinho (DF)
9648437;Região Norte (DF);Planaltina (DF)
4108817;Região Norte (DF);Planaltina (DF)
4191196;Região Norte (DF);Planaltina (DF)
9771034;Região Norte (DF);Planaltina (DF)
4761855;Região Norte (DF);Planaltina (DF)
4779371;Região Norte (DF);Planaltina (DF)
3213145;Região Central (DF);Plano Piloto (DF)
4185684;Região Central (DF);Plano Piloto (DF)
9491635;Região Central (DF);Plano Piloto (DF)
4849566;Região Central (DF);Plano Piloto (DF)
9951865;Região Central (DF);Plano Piloto (DF)
4555953;Região Central (DF);Plano Piloto (DF)
7720424;Região Central (DF);Plano Piloto (DF)
4157583;Região Central (DF);Plano Piloto (DF)
3048047;Região Central (DF);Plano Piloto (DF)
4096991;Região Central (DF);Plano Piloto (DF)
2643146;Região Central (DF);Plano Piloto (DF)
9460128;Região Central (DF);Plano Piloto (DF)
9445781;Região Central (DF);Cruzeiro (DF)
2942305;Região Central (DF);Plano Piloto (DF)
969222;Região Central (DF);Plano Piloto (DF)
3483665;Região Centro-Sul (DF);Guará (DF)
4426517;Região Central (DF);Lago Sul (DF)
4157516;Região Centro-Sul (DF);Riacho Fundo II (DF)
4610946;Região Centro-Sul (DF);Riacho Fundo II (DF)
2897016;Região Sudoeste (DF);Águas Claras (DF)
9758410;Região Sudoeste (DF);Taguatinga (DF)
9436618;Região Sudoeste (DF);Taguatinga (DF)
4411536;Região Sudoeste (DF);Taguatinga (DF)
9771859;Região Sudoeste (DF);Taguatinga (DF)
9842837;Região Sudoeste (DF);Taguatinga (DF)
2973332;Região Oeste (DF);Ceilândia (DF)
4930800;Região Oeste (DF);Ceilândia (DF)
4257294;Região Oeste (DF);Ceilândia (DF)
4095898;Região Sul (DF);Santa Maria (DF)
4318501;Região Sul (DF);Santa Maria (DF)
4555899;Região Norte (DF);Planaltina (DF)
9895159;Região Norte (DF);Arapoanga (DF)
9921702;Região Central (DF);Plano Piloto (DF)
7869452;Região Central (DF);Plano Piloto (DF)
7513402;Região Central (DF);Plano Piloto (DF)
3088634;Região Central (DF);Plano Piloto (DF)
5049547;Região Central (DF);Plano Piloto (DF)
865982;Região Central (DF);Plano Piloto (DF)
3083543;Região Central (DF);Plano Piloto (DF)
4643534;Região Central (DF);Plano Piloto (DF)
4016300;Região Leste (DF);Jardim Botânico (DF)
9938281;Região Sudoeste (DF);Águas Claras (DF)
3952401;Região Sudoeste (DF);Águas Claras (DF)
9677402;Região Sudoeste (DF);Taguatinga (DF)
4641140;Região Oeste (DF);Ceilândia (DF)
5326281;Região Oeste (DF);Ceilândia (DF)
2919621;Região Oeste (DF);Ceilândia (DF)
50210;Região Oeste (DF);Ceilândia (DF)
3039854;Região Oeste (DF);Brazlândia (DF)
2973308;Região Central (DF);Plano Piloto (DF)
3028259;Região Central (DF);Plano Piloto (DF)
9105751;Região Central (DF);Plano Piloto (DF)
697672;Região Central (DF);Plano Piloto (DF)
3681920;Região Central (DF);Plano Piloto (DF)
4305973;Região Centro-Sul (DF);Riacho Fundo I (DF)
456993;Região Sudoeste (DF);Águas Claras (DF)
9123334;Região Sudoeste (DF);Águas Claras (DF)
4313879;Região Sudoeste (DF);Taguatinga (DF)
2643596;Região Sudoeste (DF);Taguatinga (DF)
4131932;Região Sudoeste (DF);Taguatinga (DF)
2895773;Região Oeste (DF);Ceilândia (DF)
4293754;Região Oeste (DF);Ceilândia (DF)
9437428;Região Sudoeste (DF);Samambaia (DF)
4988639;Região Sudoeste (DF);Samambaia (DF)
45659;Região Sudoeste (DF);Samambaia (DF)
2899035;Região Sul (DF);Gama (DF)
9156372;Região Sudoeste (DF);Recanto das Emas (DF)
908843;Região Sudoeste (DF);Recanto das Emas (DF)
4294491;Região Norte (DF);Sobradinho (DF)
4339223;Região Central (DF);Plano Piloto (DF)
4338073;Região Central (DF);Sudoeste/Octogonal (DF)
4339258;Região Centro-Sul (DF);Guará (DF)
9605320;Região Centro-Sul (DF);SIA (DF)
4339061;Região Centro-Sul (DF);SIA (DF)
4339126;Região Central (DF);Lago Norte (DF)
4339053;Região Leste (DF);Paranoá (DF)
4334841;Região Centro-Sul (DF);Núcleo Bandeirante (DF)
4339150;Região Centro-Sul (DF);Núcleo Bandeirante (DF)
4339045;Região Centro-Sul (DF);Riacho Fundo I (DF)
4339207;Região Sudoeste (DF);Águas Claras (DF)
4339142;Região Sudoeste (DF);Águas Claras (DF)
4338804;Região Sudoeste (DF);Vicente Pires (DF)
797138;Região Sudoeste (DF);Vicente Pires (DF)
4327861;Região Sudoeste (DF);Vicente Pires (DF)
4337883;Região Sudoeste (DF);Vicente Pires (DF)
4339088;Região Sudoeste (DF);Taguatinga (DF)
4339274;Região Sudoeste (DF);Taguatinga (DF)
4392396;Região Oeste (DF);Ceilândia (DF)
4339266;Região Oeste (DF);Ceilândia (DF)
4339215;Região Oeste (DF);Ceilândia (DF)
4392523;Região Sudoeste (DF);Samambaia (DF)
4339304;Região Sudoeste (DF);Samambaia (DF)
4339134;Região Sudoeste (DF);Samambaia (DF)
4336992;Região Sudoeste (DF);Samambaia (DF)
4392418;Região Sul (DF);Gama (DF)
4372034;Região Sul (DF);Santa Maria (DF)
4336968;Região Sudoeste (DF);Recanto das Emas (DF)
4339118;Região Norte (DF);Sobradinho (DF)
4334876;Região Norte (DF);Sobradinho (DF)
4334825;Região Norte (DF);Planaltina (DF)
4526368;Região Oeste (DF);Pôr do Sol/ Sol Nascente (DF)
4512545;Região Sul (DF);Gama (DF)
7359381;Região Central (DF);Plano Piloto (DF)
7955898;Região Sudoeste (DF);Taguatinga (DF)
414727;Região Sudoeste (DF);Taguatinga (DF)
9818707;Região Central (DF);Plano Piloto (DF)
4929527;Região Sudoeste (DF);Águas Claras (DF)
3222993;Região Sudoeste (DF);Taguatinga (DF)
4932080;Região Central (DF);Plano Piloto (DF)
681520;Região Central (DF);Plano Piloto (DF)
5364698;Região Central (DF);Plano Piloto (DF)
773905;Região Centro-Sul (DF);SCIA/Estrutural (DF)
646121;Região Centro-Sul (DF);Núcleo Bandeirante (DF)
7361858;Região Centro-Sul (DF);Núcleo Bandeirante (DF)
301884;Região Sudoeste (DF);Taguatinga (DF)
7094698;Região Centro-Sul (DF);SIA (DF)
5493110;Região Central (DF);Plano Piloto (DF)
9339698;Região Centro-Sul (DF);SIA (DF)
9364447;Região Centro-Sul (DF);Guará (DF)
970182;Região Sudoeste (DF);Águas Claras (DF)
7829620;Região Sudoeste (DF);Vicente Pires (DF)
9895183;Região Central (DF);Plano Piloto (DF)
3435717;Região Central (DF);Plano Piloto (DF)
9090746;Região Centro-Sul (DF);SIA (DF)
4099567;Região Sudoeste (DF);Águas Claras (DF)
4894871;Região Sudoeste (DF);Vicente Pires (DF)
4467124;Região Oeste (DF);Ceilândia (DF)
2963388;Região Sul (DF);Santa Maria (DF)
3800660;Região Central (DF);Plano Piloto (DF)
4966996;Região Sudoeste (DF);Taguatinga (DF)
4841271;Região Central (DF);Plano Piloto (DF)
2796929;Região Central (DF);Plano Piloto (DF)
4416848;Região Central (DF);Plano Piloto (DF)
9466479;Região Sudoeste (DF);Águas Claras (DF)
6657648;Região Centro-Sul (DF);Guará (DF)
4303458;Região Sudoeste (DF);Águas Claras (DF)
4947894;Região Central (DF);Plano Piloto (DF)
4613120;Região Central (DF);Cruzeiro (DF)
2993724;Região Central (DF);Plano Piloto (DF)
3394018;Região Central (DF);Lago Sul (DF)
68829;Região Sudoeste (DF);Águas Claras (DF)
9552413;Região Sudoeste (DF);Águas Claras (DF)
4186966;Região Sudoeste (DF);Taguatinga (DF)
4185668;Região Sul (DF);Gama (DF)
4645863;Região Sul (DF);Santa Maria (DF)
4951131;Região Norte (DF);Sobradinho (DF)
7936532;Região Oeste (DF);Ceilândia (DF)
4532732;Região Central (DF);Sudoeste/Octogonal (DF)
4940865;Região Central (DF);Plano Piloto (DF)
4557948;Região Central (DF);Plano Piloto (DF)
4376811;Região Central (DF);Plano Piloto (DF)
9968016;Região Sudoeste (DF);Águas Claras (DF)
4347587;Região Oeste (DF);Ceilândia (DF)
4137108;Região Sul (DF);Santa Maria (DF)
5281563;Região Norte (DF);Sobradinho (DF)
4598717;Região Central (DF);Plano Piloto (DF)
7883366;Região Sul (DF);Santa Maria (DF)
9129049;Região Central (DF);Plano Piloto (DF)
3415473;Região Central (DF);Plano Piloto (DF)
9352805;Região Central (DF);Plano Piloto (DF)
6517307;Região Central (DF);Plano Piloto (DF)
3233545;Região Centro-Sul (DF);Guará (DF)
3522865;Região Central (DF);Lago Sul (DF)
3464903;Região Central (DF);Plano Piloto (DF)
5490804;Região Central (DF);Sudoeste/Octogonal (DF)
3182916;Região Central (DF);Plano Piloto (DF)
9605924;Região Central (DF);Plano Piloto (DF)
7845308;Região Central (DF);Sudoeste/Octogonal (DF)
4776577;Região Central (DF);Plano Piloto (DF)
3778185;Região Centro-Sul (DF);SIA (DF)
7914792;Região Central (DF);Cruzeiro (DF)
3211177;Região Central (DF);Plano Piloto (DF)
9878254;Região Centro-Sul (DF);Guará (DF)
9837353;Região Central (DF);Plano Piloto (DF)
3211355;Região Central (DF);Plano Piloto (DF)
6810799;Região Central (DF);Sudoeste/Octogonal (DF)
3079155;Região Central (DF);Plano Piloto (DF)
9375813;Região Sudoeste (DF);Águas Claras (DF)
86665;Região Central (DF);Plano Piloto (DF)
3354172;Região Central (DF);Plano Piloto (DF)
6372465;Região Central (DF);Plano Piloto (DF)
6283799;Região Central (DF);Plano Piloto (DF)
2997444;Região Central (DF);Plano Piloto (DF)
3522644;Região Central (DF);Plano Piloto (DF)
3078957;Região Central (DF);Plano Piloto (DF)
3786803;Região Central (DF);Plano Piloto (DF)
5993660;Região Central (DF);Plano Piloto (DF)
9555331;Região Centro-Sul (DF);Guará (DF)
2643162;Região Centro-Sul (DF);Guará (DF)
4108868;Região Sudoeste (DF);Taguatinga (DF)
6654347;Região Central (DF);Plano Piloto (DF)
6547176;Região Central (DF);Plano Piloto (DF)
9838821;Região Central (DF);Plano Piloto (DF)
3116573;Região Central (DF);Plano Piloto (DF)
3976483;Região Central (DF);Plano Piloto (DF)
3217086;Região Central (DF);Plano Piloto (DF)
3333094;Região Central (DF);Plano Piloto (DF)
3116484;Região Central (DF);Plano Piloto (DF)
7425600;Região Sudoeste (DF);Águas Claras (DF)
3113825;Região Central (DF);Plano Piloto (DF)
9118314;Região Central (DF);Plano Piloto (DF)
3079392;Região Central (DF);Plano Piloto (DF)
152064;Região Central (DF);Plano Piloto (DF)
9271880;Região Central (DF);Plano Piloto (DF)
3059634;Região Central (DF);Plano Piloto (DF)
6609627;Região Central (DF);Plano Piloto (DF)
3908623;Região Central (DF);Plano Piloto (DF)
3023605;Região Central (DF);Plano Piloto (DF)
7359365;Região Central (DF);Plano Piloto (DF)
3116255;Região Central (DF);Plano Piloto (DF)
3022056;Região Central (DF);Plano Piloto (DF)
9885013;Região Central (DF);Plano Piloto (DF)
9791159;Região Central (DF);Plano Piloto (DF)
5913233;Região Central (DF);Plano Piloto (DF)
3551407;Região Central (DF);Plano Piloto (DF)
4217594;Região Central (DF);Plano Piloto (DF)
9295518;Região Sudoeste (DF);Taguatinga (DF)
6025161;Região Central (DF);Plano Piloto (DF)
3212807;Região Central (DF);Plano Piloto (DF)
7951698;Região Central (DF);Plano Piloto (DF)
5236002;Região Central (DF);Plano Piloto (DF)
3305635;Região Central (DF);Plano Piloto (DF)
155950;Região Central (DF);Plano Piloto (DF)
5334268;Região Central (DF);Plano Piloto (DF)
9477063;Região Central (DF);Sudoeste/Octogonal (DF)
6709346;Região Central (DF);Plano Piloto (DF)
3401685;Região Central (DF);Plano Piloto (DF)
3252620;Região Central (DF);Plano Piloto (DF)
9536361;Região Central (DF);Plano Piloto (DF)
6752403;Região Leste (DF);Paranoá (DF)
3256812;Região Sudoeste (DF);Águas Claras (DF)
2875616;Região Sudoeste (DF);Águas Claras (DF)
7998341;Região Sudoeste (DF);Taguatinga (DF)
6298648;Região Sul (DF);Gama (DF)
7455313;Região Central (DF);Plano Piloto (DF)
5008999;Região Central (DF);Plano Piloto (DF)
3210863;Região Central (DF);Plano Piloto (DF)
511528;Região Central (DF);Sudoeste/Octogonal (DF)
6517447;Região Central (DF);Plano Piloto (DF)
4294092;Região Centro-Sul (DF);Guará (DF)
3211231;Região Leste (DF);Paranoá (DF)
9938761;Região Sudoeste (DF);Águas Claras (DF)
4186583;Região Central (DF);Sudoeste/Octogonal (DF)
3355799;Região Central (DF);Plano Piloto (DF)
3355810;Região Central (DF);Plano Piloto (DF)
5685230;Região Oeste (DF);Ceilândia (DF)
3361446;Região Centro-Sul (DF);Guará (DF)
3416682;Região Sudoeste (DF);Taguatinga (DF)
7009941;Região Central (DF);Plano Piloto (DF)
4661958;Região Sul (DF);Gama (DF)
9348646;Região Central (DF);Plano Piloto (DF)
7111843;Região Norte (DF);Sobradinho II (DF)
4140281;Região Norte (DF);Sobradinho (DF)
3401839;Região Central (DF);Plano Piloto (DF)
9352813;Região Central (DF);Plano Piloto (DF)
3101800;Região Central (DF);Plano Piloto (DF)
6624960;Região Central (DF);Plano Piloto (DF)
3548457;Região Central (DF);Plano Piloto (DF)
9985182;Região Sudoeste (DF);Águas Claras (DF)
3333078;Região Sudoeste (DF);Águas Claras (DF)
3222861;Região Sudoeste (DF);Taguatinga (DF)
7925956;Região Sudoeste (DF);Vicente Pires (DF)
6305008;Região Sul (DF);Gama (DF)
653802;Região Norte (DF);Planaltina (DF)
3177270;Região Central (DF);Plano Piloto (DF)
4096665;Região Central (DF);Plano Piloto (DF)
7982704;Região Central (DF);Plano Piloto (DF)
3079260;Região Central (DF);Plano Piloto (DF)
7278268;Região Central (DF);Plano Piloto (DF)
6308872;Região Centro-Sul (DF);Núcleo Bandeirante (DF)
9415254;Região Sudoeste (DF);Vicente Pires (DF)
7998031;Região Central (DF);Plano Piloto (DF)
6038735;Região Oeste (DF);Ceilândia (DF)
7659210;Região Sudoeste (DF);Samambaia (DF)
6136869;Região Sudoeste (DF);Samambaia (DF)
9263683;Região Norte (DF);Sobradinho (DF)
3070506;Região Norte (DF);Sobradinho (DF)
3079252;Região Central (DF);Plano Piloto (DF)
3025632;Região Centro-Sul (DF);Guará (DF)
5108209;Região Centro-Sul (DF);Guará (DF)
3921883;Região Centro-Sul (DF);Guará (DF)
5431808;Região Sudoeste (DF);Taguatinga (DF)
3071731;Região Sul (DF);Gama (DF)
7863861;Região Sul (DF);Gama (DF)
9182616;Região Sudoeste (DF);Taguatinga (DF)
9421203;Região Central (DF);Sudoeste/Octogonal (DF)
6792677;Região Norte (DF);Planaltina (DF)
4433025;Região Central (DF);Plano Piloto (DF)
4702352;Região Central (DF);Plano Piloto (DF)
4716388;Região Sudoeste (DF);Taguatinga (DF)
4433254;Região Central (DF);Plano Piloto (DF)
4712943;Região Central (DF);Plano Piloto (DF)
4702034;Região Central (DF);Lago Sul (DF)
4715233;Região Sudoeste (DF);Vicente Pires (DF)
4716051;Região Sudoeste (DF);Samambaia (DF)
4024184;Região Sul (DF);Gama (DF)
2942267;Região Central (DF);Plano Piloto (DF)
9908943;Região Central (DF);Plano Piloto (DF)
7599560;Região Central (DF);Plano Piloto (DF)
4668499;Região Sudoeste (DF);Águas Claras (DF)
118893;Região Central (DF);Plano Piloto (DF)
5858372;Região Central (DF);Lago Sul (DF)
9257365;Região Sul (DF);Gama (DF)
9428208;Região Norte (DF);Sobradinho (DF)
9845534;Região Central (DF);Plano Piloto (DF)
7852606;Região Central (DF);Plano Piloto (DF)
3027732;Região Centro-Sul (DF);Guará (DF)
737925;Região Centro-Sul (DF);Guará (DF)
271004;Região Sudoeste (DF);Águas Claras (DF)
7773269;Região Oeste (DF);Brazlândia (DF)
7852584;Região Central (DF);Plano Piloto (DF)
7891431;Região Central (DF);Plano Piloto (DF)
9581421;Região Sudoeste (DF);Samambaia (DF)
6314120;Região Norte (DF);Sobradinho (DF)
3382486;Região Central (DF);Plano Piloto (DF)
7895879;Região Centro-Sul (DF);SIA (DF)
3027988;Região Sudoeste (DF);Taguatinga (DF)
6071503;Região Oeste (DF);Ceilândia (DF)
6335683;Região Sudoeste (DF);Recanto das Emas (DF)
6077978;Região Norte (DF);Sobradinho II (DF)
5617073;Região Central (DF);Plano Piloto (DF)
3521990;Região Central (DF);Plano Piloto (DF)
9212418;Região Central (DF);Plano Piloto (DF)
7779720;Região Centro-Sul (DF);Guará (DF)
5368847;Região Central (DF);Lago Norte (DF)
2852454;Região Central (DF);Lago Sul (DF)
5796431;Região Sudoeste (DF);Taguatinga (DF)
7891423;Região Oeste (DF);Ceilândia (DF)
4406443;Região Sudoeste (DF);Águas Claras (DF)
9670297;Região Central (DF);Plano Piloto (DF)
3364224;Região Central (DF);Plano Piloto (DF)
9534903;Região Central (DF);Plano Piloto (DF)
9958533;Região Central (DF);Plano Piloto (DF)
9527192;Região Central (DF);Plano Piloto (DF)
9600531;Região Central (DF);Plano Piloto (DF)
3444104;Região Central (DF);Plano Piloto (DF)
9372458;Região Central (DF);Plano Piloto (DF)
9411313;Região Central (DF);Sudoeste/Octogonal (DF)
9417176;Região Central (DF);Plano Piloto (DF)
9753443;Região Central (DF);Plano Piloto (DF)
4372069;Região Central (DF);Lago Norte (DF)
4547489;Região Sudoeste (DF);Águas Claras (DF)
9846948;Região Sudoeste (DF);Águas Claras (DF)
5453992;Região Sudoeste (DF);Taguatinga (DF)
471518;Região Sudoeste (DF);Vicente Pires (DF)
9034625;Região Sudoeste (DF);Taguatinga (DF)
4381890;Região Sudoeste (DF);Taguatinga (DF)
9176772;Região Sudoeste (DF);Taguatinga (DF)
3073920;Região Sudoeste (DF);Taguatinga (DF)
9745653;Região Sudoeste (DF);Taguatinga (DF)
9319573;Região Sudoeste (DF);Taguatinga (DF)
7509448;Região Sul (DF);Gama (DF)
9253041;Região Norte (DF);Sobradinho (DF)
6527280;Região Norte (DF);Sobradinho (DF)
9422544;Região Central (DF);Plano Piloto (DF)
7259840;Região Central (DF);Plano Piloto (DF)
6381685;Região Central (DF);Plano Piloto (DF)
4186893;Região Central (DF);Plano Piloto (DF)
407968;Região Central (DF);Plano Piloto (DF)
6291139;Região Central (DF);Plano Piloto (DF)
3029670;Região Central (DF);Plano Piloto (DF)
9308660;Região Central (DF);Plano Piloto (DF)
9315535;Região Central (DF);Plano Piloto (DF)
4526317;Região Central (DF);Sudoeste/Octogonal (DF)
7750501;Região Central (DF);Plano Piloto (DF)
9977279;Região Central (DF);Plano Piloto (DF)
4028627;Região Central (DF);Plano Piloto (DF)
9745580;Região Central (DF);Plano Piloto (DF)
9779752;Região Leste (DF);Paranoá (DF)
9038620;Região Sudoeste (DF);Águas Claras (DF)
4042441;Região Sudoeste (DF);Águas Claras (DF)
4318552;Região Sudoeste (DF);Águas Claras (DF)
2617838;Região Sudoeste (DF);Taguatinga (DF)
7022174;Região Sudoeste (DF);Taguatinga (DF)
4413210;Região Sudoeste (DF);Taguatinga (DF)
404543;Região Sudoeste (DF);Taguatinga (DF)
4305884;Região Sudoeste (DF);Taguatinga (DF)
9781056;Região Sudoeste (DF);Taguatinga (DF)
9479848;Região Sudoeste (DF);Taguatinga (DF)
4140753;Região Sudoeste (DF);Taguatinga (DF)
958158;Região Sul (DF);Gama (DF)
4586077;Região Sul (DF);Gama (DF)
9750681;Região Norte (DF);Sobradinho II (DF)
651192;Região Central (DF);Plano Piloto (DF)
3743853;Região Central (DF);Plano Piloto (DF)
2919273;Região Central (DF);Plano Piloto (DF)
7372388;Região Central (DF);Sudoeste/Octogonal (DF)
7278179;Região Central (DF);Plano Piloto (DF)
6503667;Região Central (DF);Lago Sul (DF)
9766294;Região Sudoeste (DF);Águas Claras (DF)
3379744;Região Sudoeste (DF);Águas Claras (DF)
4938739;Região Sudoeste (DF);Águas Claras (DF)
9134816;Região Sudoeste (DF);Águas Claras (DF)
4412192;Região Sudoeste (DF);Águas Claras (DF)
2642727;Região Sudoeste (DF);Taguatinga (DF)
9263594;Região Sudoeste (DF);Taguatinga (DF)
5814413;Região Sudoeste (DF);Taguatinga (DF)
9785671;Região Oeste (DF);Ceilândia (DF)
4777395;Região Sudoeste (DF);Samambaia (DF)
9226184;Região Sul (DF);Gama (DF)
7025084;Região Sul (DF);Gama (DF)
4625633;Região Sul (DF);Santa Maria (DF)
264679;Região Central (DF);Plano Piloto (DF)
4682769;Região Central (DF);Plano Piloto (DF)
7203381;Região Central (DF);Sudoeste/Octogonal (DF)
6900372;Região Central (DF);Plano Piloto (DF)
9551530;Região Central (DF);Plano Piloto (DF)
975575;Região Centro-Sul (DF);Guará (DF)
7643853;Região Sudoeste (DF);Águas Claras (DF)
2834677;Região Sudoeste (DF);Águas Claras (DF)
7388659;Região Sudoeste (DF);Águas Claras (DF)
9967346;Região Sudoeste (DF);Taguatinga (DF)
9625496;Região Sudoeste (DF);Taguatinga (DF)
7907834;Região Sudoeste (DF);Arniqueira (DF)
3470539;Região Sudoeste (DF);Taguatinga (DF)
4066332;Região Sudoeste (DF);Taguatinga (DF)
4539877;Região Oeste (DF);Ceilândia (DF)
6071481;Região Oeste (DF);Ceilândia (DF)
9796010;Região Central (DF);Plano Piloto (DF)
4461223;Região Central (DF);Plano Piloto (DF)
6291147;Região Central (DF);Plano Piloto (DF)
4520211;Região Central (DF);Plano Piloto (DF)
5352207;Região Central (DF);Sudoeste/Octogonal (DF)
6594948;Região Central (DF);Plano Piloto (DF)
3086224;Região Central (DF);Plano Piloto (DF)
5680727;Região Central (DF);Plano Piloto (DF)
9010297;Região Sudoeste (DF);Águas Claras (DF)
668168;Região Sudoeste (DF);Taguatinga (DF)
5301629;Região Sudoeste (DF);Taguatinga (DF)
7559186;Região Oeste (DF);Ceilândia (DF)
4426185;Região Oeste (DF);Ceilândia (DF)
4437128;Região Sul (DF);Gama (DF)
4989015;Região Sul (DF);Gama (DF)
5707196;Região Norte (DF);Sobradinho (DF)
4305795;Região Norte (DF);Sobradinho (DF)
2968444;Região Norte (DF);Planaltina (DF)
5796423;Região Sudoeste (DF);Taguatinga (DF)
9408207;Região Leste (DF);Paranoá (DF)
9703527;Região Central (DF);Plano Piloto (DF)
9777385;Região Central (DF);Plano Piloto (DF)
4419871;Região Central (DF);Plano Piloto (DF)
9961178;Região Central (DF);Plano Piloto (DF)
3480259;Região Central (DF);Plano Piloto (DF)
9842470;Região Central (DF);Plano Piloto (DF)
9456791;Região Central (DF);Plano Piloto (DF)
4207548;Região Central (DF);Plano Piloto (DF)
1129546;Região Central (DF);Plano Piloto (DF)
6788580;Região Central (DF);Plano Piloto (DF)
3330370;Região Central (DF);Plano Piloto (DF)
9590234;Região Centro-Sul (DF);Guará (DF)
3253201;Região Sudoeste (DF);Águas Claras (DF)
7146337;Região Sudoeste (DF);Águas Claras (DF)
981931;Região Sudoeste (DF);Águas Claras (DF)
7690622;Região Sudoeste (DF);Águas Claras (DF)
2922711;Região Sudoeste (DF);Vicente Pires (DF)
7539878;Região Sudoeste (DF);Taguatinga (DF)
9921036;Região Sudoeste (DF);Taguatinga (DF)
5510821;Região Sudoeste (DF);Taguatinga (DF)
3697320;Região Oeste (DF);Ceilândia (DF)
4138473;Região Oeste (DF);Ceilândia (DF)
4832140;Região Sul (DF);Santa Maria (DF)
4737229;Região Sul (DF);Santa Maria (DF)
842907;Região Central (DF);Plano Piloto (DF)
9673148;Região Central (DF);Plano Piloto (DF)
9550526;Região Leste (DF);Paranoá (DF)
4547918;Região Sudoeste (DF);Águas Claras (DF)
773506;Região Sudoeste (DF);Taguatinga (DF)
3474100;Região Sudoeste (DF);Taguatinga (DF)
3089975;Região Sul (DF);Gama (DF)
838438;Região Norte (DF);Planaltina (DF)
6006272;Região Central (DF);Plano Piloto (DF)
4686810;Região Central (DF);Plano Piloto (DF)
4588584;Região Central (DF);Plano Piloto (DF)
3088405;Região Central (DF);Plano Piloto (DF)
3956768;Região Central (DF);Plano Piloto (DF)
3252515;Região Central (DF);Plano Piloto (DF)
9918728;Região Central (DF);Lago Sul (DF)
7724136;Região Sudoeste (DF);Águas Claras (DF)
3044203;Região Central (DF);Plano Piloto (DF)
4117603;Região Central (DF);Plano Piloto (DF)
4678869;Região Sudoeste (DF);Águas Claras (DF)
6681220;Região Sudoeste (DF);Taguatinga (DF)
3109682;Região Sudoeste (DF);Taguatinga (DF)
2977699;Região Sudoeste (DF);Taguatinga (DF)
9931031;Região Norte (DF);Planaltina (DF)
6822053;Região Central (DF);Plano Piloto (DF)
3123901;Região Central (DF);Plano Piloto (DF)
3066169;Região Central (DF);Plano Piloto (DF)
4937392;Região Central (DF);Plano Piloto (DF)
9331042;Região Central (DF);Plano Piloto (DF)
9178015;Região Central (DF);Plano Piloto (DF)
9887172;Região Central (DF);Plano Piloto (DF)
3101487;Região Central (DF);Plano Piloto (DF)
9297383;Região Central (DF);Plano Piloto (DF)
9718893;Região Central (DF);Plano Piloto (DF)
4099753;Região Central (DF);Plano Piloto (DF)
4500458;Região Central (DF);Plano Piloto (DF)
4732928;Região Central (DF);Plano Piloto (DF)
3462501;Região Central (DF);Plano Piloto (DF)
3605477;Região Central (DF);Plano Piloto (DF)
3273652;Região Central (DF);Plano Piloto (DF)
5735084;Região Central (DF);Plano Piloto (DF)
3612988;Região Central (DF);Plano Piloto (DF)
4189698;Região Central (DF);Plano Piloto (DF)
4199901;Região Central (DF);Plano Piloto (DF)
6006108;Região Central (DF);Plano Piloto (DF)
9010270;Região Central (DF);Plano Piloto (DF)
2941023;Região Central (DF);Plano Piloto (DF)
987670;Região Central (DF);Plano Piloto (DF)
310638;Região Central (DF);Plano Piloto (DF)
9795189;Região Central (DF);Plano Piloto (DF)
4032144;Região Central (DF);Plano Piloto (DF)
967203;Região Central (DF);Plano Piloto (DF)
3030040;Região Central (DF);Plano Piloto (DF)
4412680;Região Central (DF);Plano Piloto (DF)
6748902;Região Central (DF);Plano Piloto (DF)
6154425;Região Central (DF);Plano Piloto (DF)
4035577;Região Central (DF);Plano Piloto (DF)
7532504;Região Central (DF);Plano Piloto (DF)
7541465;Região Central (DF);Plano Piloto (DF)
4284933;Região Central (DF);Plano Piloto (DF)
9393374;Região Central (DF);Plano Piloto (DF)
3546187;Região Central (DF);Plano Piloto (DF)
877492;Região Central (DF);Plano Piloto (DF)
3068218;Região Central (DF);Plano Piloto (DF)
4863054;Região Central (DF);Plano Piloto (DF)
9690204;Região Central (DF);Plano Piloto (DF)
5993687;Região Central (DF);Plano Piloto (DF)
4905873;Região Central (DF);Plano Piloto (DF)
3575748;Região Central (DF);Plano Piloto (DF)
3103110;Região Central (DF);Plano Piloto (DF)
4651944;Região Central (DF);Plano Piloto (DF)
3373339;Região Central (DF);Plano Piloto (DF)
9317465;Região Central (DF);Plano Piloto (DF)
4283805;Região Central (DF);Plano Piloto (DF)
3806707;Região Central (DF);Plano Piloto (DF)
9466223;Região Central (DF);Plano Piloto (DF)
4440803;Região Central (DF);Plano Piloto (DF)
4853547;Região Central (DF);Sudoeste/Octogonal (DF)
9513426;Região Central (DF);Cruzeiro (DF)
4597028;Região Central (DF);Sudoeste/Octogonal (DF)
9305564;Região Central (DF);Sudoeste/Octogonal (DF)
863017;Região Central (DF);Sudoeste/Octogonal (DF)
6589154;Região Central (DF);Sudoeste/Octogonal (DF)
9007318;Região Central (DF);Sudoeste/Octogonal (DF)
9976817;Região Central (DF);Sudoeste/Octogonal (DF)
5670233;Região Central (DF);Sudoeste/Octogonal (DF)
4763556;Região Central (DF);Sudoeste/Octogonal (DF)
9676198;Região Central (DF);Sudoeste/Octogonal (DF)
192481;Região Central (DF);Plano Piloto (DF)
5403871;Região Central (DF);Plano Piloto (DF)
3263312;Região Central (DF);Plano Piloto (DF)
9589139;Região Central (DF);Plano Piloto (DF)
4505050;Região Central (DF);Plano Piloto (DF)
4010159;Região Central (DF);Plano Piloto (DF)
7197136;Região Central (DF);Plano Piloto (DF)
7674511;Região Central (DF);Plano Piloto (DF)
808237;Região Central (DF);Plano Piloto (DF)
7715498;Região Central (DF);Plano Piloto (DF)
4347390;Região Central (DF);Plano Piloto (DF)
6351883;Região Central (DF);Plano Piloto (DF)
4436857;Região Central (DF);Plano Piloto (DF)
3216365;Região Central (DF);Plano Piloto (DF)
4189930;Região Central (DF);Plano Piloto (DF)
9607811;Região Central (DF);Plano Piloto (DF)
5350123;Região Central (DF);Plano Piloto (DF)
9581405;Região Central (DF);Plano Piloto (DF)
7380348;Região Central (DF);Plano Piloto (DF)
9924191;Região Central (DF);Plano Piloto (DF)
3400883;Região Central (DF);Plano Piloto (DF)
7859856;Região Centro-Sul (DF);Guará (DF)
3774791;Região Centro-Sul (DF);Guará (DF)
6593828;Região Centro-Sul (DF);Guará (DF)
131091;Região Centro-Sul (DF);Guará (DF)
9721517;Região Centro-Sul (DF);Guará (DF)
4322975;Região Central (DF);Lago Norte (DF)
9526188;Região Central (DF);Lago Sul (DF)
6691870;Região Central (DF);Lago Sul (DF)
990094;Região Central (DF);Lago Sul (DF)
5512042;Região Central (DF);Lago Sul (DF)
4201663;Região Central (DF);Lago Sul (DF)
4437101;Região Central (DF);Lago Sul (DF)
9987665;Região Central (DF);Lago Sul (DF)
954233;Região Leste (DF);São Sebastião (DF)
4121457;Região Leste (DF);São Sebastião (DF)
9098097;Região Sudoeste (DF);Águas Claras (DF)
4546784;Região Sudoeste (DF);Águas Claras (DF)
971324;Região Sudoeste (DF);Águas Claras (DF)
9340742;Região Sudoeste (DF);Águas Claras (DF)
9437738;Região Sudoeste (DF);Taguatinga (DF)
74829;Região Sudoeste (DF);Águas Claras (DF)
80454;Região Sudoeste (DF);Águas Claras (DF)
4620712;Região Sudoeste (DF);Águas Claras (DF)
613576;Região Sudoeste (DF);Águas Claras (DF)
4060989;Região Sudoeste (DF);Águas Claras (DF)
9019480;Região Sudoeste (DF);Águas Claras (DF)
5453771;Região Sudoeste (DF);Águas Claras (DF)
4991168;Região Sudoeste (DF);Águas Claras (DF)
4866592;Região Sudoeste (DF);Águas Claras (DF)
4220595;Região Sudoeste (DF);Águas Claras (DF)
4546768;Região Sudoeste (DF);Arniqueira (DF)
559822;Região Sudoeste (DF);Vicente Pires (DF)
2921200;Região Sudoeste (DF);Vicente Pires (DF)
6797911;Região Sudoeste (DF);Taguatinga (DF)
4927745;Região Sudoeste (DF);Taguatinga (DF)
4513614;Região Sudoeste (DF);Taguatinga (DF)
9006192;Região Sudoeste (DF);Taguatinga (DF)
940666;Região Sudoeste (DF);Taguatinga (DF)
4537033;Região Sudoeste (DF);Taguatinga (DF)
3109771;Região Sudoeste (DF);Taguatinga (DF)
2965763;Região Sudoeste (DF);Taguatinga (DF)
4586263;Região Sudoeste (DF);Taguatinga (DF)
7604920;Região Sudoeste (DF);Taguatinga (DF)
2627590;Região Sudoeste (DF);Taguatinga (DF)
9007261;Região Oeste (DF);Ceilândia (DF)
9541691;Região Oeste (DF);Ceilândia (DF)
6471455;Região Oeste (DF);Ceilândia (DF)
4939867;Região Oeste (DF);Ceilândia (DF)
4538528;Região Oeste (DF);Ceilândia (DF)
4938062;Região Sudoeste (DF);Samambaia (DF)
9928200;Região Sudoeste (DF);Samambaia (DF)
9954937;Região Sudoeste (DF);Samambaia (DF)
4587278;Região Sudoeste (DF);Samambaia (DF)
982474;Região Sul (DF);Gama (DF)
9127208;Região Sul (DF);Gama (DF)
9611878;Região Sul (DF);Gama (DF)
4484185;Região Sul (DF);Gama (DF)
9990887;Região Sul (DF);Santa Maria (DF)
4439317;Região Sul (DF);Santa Maria (DF)
958360;Região Sudoeste (DF);Recanto das Emas (DF)
4854179;Região Norte (DF);Sobradinho (DF)
4524330;Região Norte (DF);Sobradinho (DF)
9565558;Região Norte (DF);Sobradinho (DF)
3031535;Região Norte (DF);Sobradinho (DF)
3030822;Região Norte (DF);Sobradinho (DF)
5748836;Região Norte (DF);Sobradinho (DF)
9583831;Região Norte (DF);Planaltina (DF)
767565;Região Norte (DF);Planaltina (DF)
4523806;Região Norte (DF);Planaltina (DF)
4539982;Região Norte (DF);Planaltina (DF)
4119185;Região Central (DF);Plano Piloto (DF)
7038143;Região Central (DF);Plano Piloto (DF)
3373371;Região Central (DF);Plano Piloto (DF)
799084;Região Central (DF);Plano Piloto (DF)
3401758;Região Central (DF);Plano Piloto (DF)
3102270;Região Central (DF);Plano Piloto (DF)
9343083;Região Central (DF);Plano Piloto (DF)
671169;Região Central (DF);Plano Piloto (DF)
3514757;Região Central (DF);Plano Piloto (DF)
4763998;Região Central (DF);Plano Piloto (DF)
9980326;Região Central (DF);Plano Piloto (DF)
3792110;Região Central (DF);Plano Piloto (DF)
6798365;Região Central (DF);Plano Piloto (DF)
5687756;Região Central (DF);Plano Piloto (DF)
6485251;Região Central (DF);Plano Piloto (DF)
9687556;Região Central (DF);Plano Piloto (DF)
7760116;Região Central (DF);Plano Piloto (DF)
9075577;Região Central (DF);Plano Piloto (DF)
3273989;Região Central (DF);Plano Piloto (DF)
9357475;Região Central (DF);Plano Piloto (DF)
3024806;Região Central (DF);Plano Piloto (DF)
7817649;Região Central (DF);Plano Piloto (DF)
6006205;Região Central (DF);Plano Piloto (DF)
4961064;Região Central (DF);Plano Piloto (DF)
459992;Região Central (DF);Sudoeste/Octogonal (DF)
3030482;Região Central (DF);Plano Piloto (DF)
3434648;Região Central (DF);Plano Piloto (DF)
7969384;Região Central (DF);Plano Piloto (DF)
9352570;Região Central (DF);Plano Piloto (DF)
7918577;Região Central (DF);Plano Piloto (DF)
9907378;Região Central (DF);Plano Piloto (DF)
9363750;Região Central (DF);Plano Piloto (DF)
9336370;Região Central (DF);Plano Piloto (DF)
5486033;Região Central (DF);Plano Piloto (DF)
453307;Região Central (DF);Plano Piloto (DF)
5714710;Região Central (DF);Plano Piloto (DF)
802182;Região Central (DF);Plano Piloto (DF)
6692486;Região Central (DF);Plano Piloto (DF)
4140125;Região Centro-Sul (DF);Guará (DF)
2916738;Região Centro-Sul (DF);Guará (DF)
4212029;Região Centro-Sul (DF);SCIA/Estrutural (DF)
4692810;Região Central (DF);Lago Norte (DF)
2973324;Região Leste (DF);Paranoá (DF)
39101;Região Central (DF);Plano Piloto (DF)
9048448;Região Leste (DF);Paranoá (DF)
3330656;Região Central (DF);Lago Sul (DF)
7114303;Região Central (DF);Lago Sul (DF)
9843167;Região Leste (DF);São Sebastião (DF)
479101;Região Centro-Sul (DF);Riacho Fundo I (DF)
4553160;Região Sudoeste (DF);Águas Claras (DF)
5353114;Região Sudoeste (DF);Águas Claras (DF)
9949380;Região Sudoeste (DF);Águas Claras (DF)
9694161;Região Sudoeste (DF);Águas Claras (DF)
9539433;Região Sudoeste (DF);Águas Claras (DF)
9006176;Região Sudoeste (DF);Águas Claras (DF)
4959477;Região Sudoeste (DF);Águas Claras (DF)
718416;Região Sudoeste (DF);Águas Claras (DF)
9675299;Região Sudoeste (DF);Águas Claras (DF)
3941973;Região Sudoeste (DF);Taguatinga (DF)
4060768;Região Sudoeste (DF);Taguatinga (DF)
9469745;Região Sudoeste (DF);Taguatinga (DF)
9564578;Região Sudoeste (DF);Taguatinga (DF)
5875617;Região Sudoeste (DF);Taguatinga (DF)
5108152;Região Sudoeste (DF);Taguatinga (DF)
6442579;Região Sudoeste (DF);Taguatinga (DF)
3109720;Região Sudoeste (DF);Taguatinga (DF)
3282007;Região Sudoeste (DF);Taguatinga (DF)
7371268;Região Sudoeste (DF);Taguatinga (DF)
7029187;Região Sudoeste (DF);Taguatinga (DF)
4429109;Região Sudoeste (DF);Taguatinga (DF)
9579079;Região Sudoeste (DF);Taguatinga (DF)
270806;Região Oeste (DF);Ceilândia (DF)
9503226;Região Oeste (DF);Ceilândia (DF)
5319196;Região Oeste (DF);Ceilândia (DF)
9394362;Região Oeste (DF);Ceilândia (DF)
4201760;Região Oeste (DF);Ceilândia (DF)
6221149;Região Sudoeste (DF);Samambaia (DF)
9619151;Região Sudoeste (DF);Samambaia (DF)
674702;Região Sul (DF);Gama (DF)
4898362;Região Sul (DF);Gama (DF)
9802657;Região Sul (DF);Santa Maria (DF)
4951980;Região Sul (DF);Santa Maria (DF)
4776143;Região Sudoeste (DF);Recanto das Emas (DF)
4794117;Região Oeste (DF);Brazlândia (DF)
4607643;Região Norte (DF);Planaltina (DF)
5328101;Região Norte (DF);Planaltina (DF)
4792521;Região Central (DF);Plano Piloto (DF)
4520521;Região Central (DF);Plano Piloto (DF)
4162757;Região Central (DF);Plano Piloto (DF)
3355586;Região Central (DF);Plano Piloto (DF)
4995872;Região Central (DF);Plano Piloto (DF)
4768906;Região Central (DF);Plano Piloto (DF)
3210839;Região Central (DF);Plano Piloto (DF)
815209;Região Central (DF);Plano Piloto (DF)
3105180;Região Central (DF);Plano Piloto (DF)
7890397;Região Central (DF);Plano Piloto (DF)
4578333;Região Central (DF);Plano Piloto (DF)
9819762;Região Central (DF);Plano Piloto (DF)
4879805;Região Central (DF);Plano Piloto (DF)
828718;Região Central (DF);Plano Piloto (DF)
4689186;Região Central (DF);Plano Piloto (DF)
5601622;Região Central (DF);Plano Piloto (DF)
4677846;Região Central (DF);Plano Piloto (DF)
6774725;Região Central (DF);Plano Piloto (DF)
3083322;Região Central (DF);Plano Piloto (DF)
9951822;Região Central (DF);Plano Piloto (DF)
7110766;Região Central (DF);Plano Piloto (DF)
3117693;Região Central (DF);Plano Piloto (DF)
3341674;Região Central (DF);Plano Piloto (DF)
3743845;Região Central (DF);Plano Piloto (DF)
9958258;Região Central (DF);Plano Piloto (DF)
4410742;Região Central (DF);Plano Piloto (DF)
3289079;Região Central (DF);Plano Piloto (DF)
3033880;Região Central (DF);Plano Piloto (DF)
4793099;Região Central (DF);Sudoeste/Octogonal (DF)
3305791;Região Central (DF);Plano Piloto (DF)
9516719;Região Central (DF);Plano Piloto (DF)
3330796;Região Central (DF);Plano Piloto (DF)
4871049;Região Central (DF);Plano Piloto (DF)
5403936;Região Central (DF);Plano Piloto (DF)
9148981;Região Central (DF);Plano Piloto (DF)
9575901;Região Central (DF);Plano Piloto (DF)
5411246;Região Central (DF);Plano Piloto (DF)
7879598;Região Central (DF);Plano Piloto (DF)
7401868;Região Central (DF);Plano Piloto (DF)
5396859;Região Central (DF);Plano Piloto (DF)
3305023;Região Central (DF);Plano Piloto (DF)
7144172;Região Central (DF);Plano Piloto (DF)
6750087;Região Central (DF);Plano Piloto (DF)
5026911;Região Central (DF);Plano Piloto (DF)
9791337;Região Central (DF);Plano Piloto (DF)
5759218;Região Centro-Sul (DF);Guará (DF)
4263154;Região Central (DF);Lago Sul (DF)
9779884;Região Central (DF);Lago Sul (DF)
827568;Região Central (DF);Lago Sul (DF)
4593111;Região Central (DF);Lago Sul (DF)
2936720;Região Leste (DF);São Sebastião (DF)
6927599;Região Centro-Sul (DF);Núcleo Bandeirante (DF)
773247;Região Sudoeste (DF);Águas Claras (DF)
7470282;Região Sudoeste (DF);Águas Claras (DF)
2627531;Região Sudoeste (DF);Águas Claras (DF)
4139372;Região Sudoeste (DF);Águas Claras (DF)
5442001;Região Sudoeste (DF);Águas Claras (DF)
9660089;Região Sudoeste (DF);Águas Claras (DF)
651214;Região Sudoeste (DF);Águas Claras (DF)
9475826;Região Sudoeste (DF);Águas Claras (DF)
7079451;Região Sudoeste (DF);Taguatinga (DF)
7281099;Região Sudoeste (DF);Taguatinga (DF)
3282163;Região Sudoeste (DF);Taguatinga (DF)
698687;Região Sudoeste (DF);Taguatinga (DF)
3860744;Região Sudoeste (DF);Taguatinga (DF)
3599663;Região Sudoeste (DF);Taguatinga (DF)
7220669;Região Oeste (DF);Ceilândia (DF)
3201228;Região Oeste (DF);Ceilândia (DF)
7416539;Região Oeste (DF);Ceilândia (DF)
9881433;Região Oeste (DF);Ceilândia (DF)
279293;Região Sul (DF);Gama (DF)
6308333;Região Sul (DF);Gama (DF)
200034;Região Sul (DF);Gama (DF)
9982159;Região Sul (DF);Gama (DF)
4805348;Região Sul (DF);Gama (DF)
4543653;Região Sul (DF);Santa Maria (DF)
803189;Região Norte (DF);Sobradinho (DF)
4108388;Região Norte (DF);Sobradinho (DF)
4215265;Região Norte (DF);Sobradinho (DF)
4613589;Região Norte (DF);Planaltina (DF)
9441921;Região Central (DF);Plano Piloto (DF)
176613;Região Central (DF);Plano Piloto (DF)
4061101;Região Central (DF);Plano Piloto (DF)
887382;Região Central (DF);Plano Piloto (DF)
9483055;Região Central (DF);Plano Piloto (DF)
901229;Região Central (DF);Plano Piloto (DF)
5049717;Região Central (DF);Plano Piloto (DF)
987654;Região Central (DF);Plano Piloto (DF)
9623094;Região Central (DF);Plano Piloto (DF)
865729;Região Central (DF);Plano Piloto (DF)
3920275;Região Central (DF);Plano Piloto (DF)
3043207;Região Central (DF);Plano Piloto (DF)
3023532;Região Central (DF);Plano Piloto (DF)
6688101;Região Central (DF);Plano Piloto (DF)
6012523;Região Central (DF);Plano Piloto (DF)
3373355;Região Central (DF);Plano Piloto (DF)
4408012;Região Central (DF);Plano Piloto (DF)
9163107;Região Central (DF);Plano Piloto (DF)
4664108;Região Central (DF);Plano Piloto (DF)
9634282;Região Central (DF);Sudoeste/Octogonal (DF)
5169127;Região Central (DF);Sudoeste/Octogonal (DF)
5831458;Região Central (DF);Sudoeste/Octogonal (DF)
2897784;Região Central (DF);Plano Piloto (DF)
9952195;Região Central (DF);Plano Piloto (DF)
3041611;Região Central (DF);Plano Piloto (DF)
5424151;Região Central (DF);Plano Piloto (DF)
3634574;Região Central (DF);Plano Piloto (DF)
3558894;Região Central (DF);Plano Piloto (DF)
989002;Região Central (DF);Plano Piloto (DF)
7597479;Região Central (DF);Plano Piloto (DF)
9362843;Região Central (DF);Plano Piloto (DF)
4476247;Região Central (DF);Plano Piloto (DF)
7579144;Região Central (DF);Plano Piloto (DF)
4604296;Região Central (DF);Plano Piloto (DF)
7116136;Região Central (DF);Plano Piloto (DF)
9276637;Região Central (DF);Plano Piloto (DF)
9556443;Região Centro-Sul (DF);Guará (DF)
3306526;Região Central (DF);Lago Sul (DF)
947253;Região Leste (DF);Jardim Botânico (DF)
4678907;Região Leste (DF);São Sebastião (DF)
4886305;Região Centro-Sul (DF);Núcleo Bandeirante (DF)
4561058;Região Centro-Sul (DF);Park Way (DF)
6620175;Região Centro-Sul (DF);Riacho Fundo I (DF)
5504066;Região Sudoeste (DF);Águas Claras (DF)
4036344;Região Sudoeste (DF);Águas Claras (DF)
5070864;Região Sudoeste (DF);Águas Claras (DF)
3839788;Região Sudoeste (DF);Águas Claras (DF)
9744975;Região Sudoeste (DF);Águas Claras (DF)
9876960;Região Sudoeste (DF);Águas Claras (DF)
9586822;Região Sudoeste (DF);Taguatinga (DF)
4777387;Região Sudoeste (DF);Taguatinga (DF)
5556031;Região Sudoeste (DF);Taguatinga (DF)
2856662;Região Sudoeste (DF);Taguatinga (DF)
7797419;Região Sudoeste (DF);Taguatinga (DF)
9757791;Região Oeste (DF);Ceilândia (DF)
3040933;Região Oeste (DF);Ceilândia (DF)
7035616;Região Oeste (DF);Ceilândia (DF)
80233;Região Sudoeste (DF);Samambaia (DF)
4263669;Região Sul (DF);Gama (DF)
3289540;Região Sudoeste (DF);Recanto das Emas (DF)
2907410;Região Norte (DF);Sobradinho (DF)
3031497;Região Norte (DF);Sobradinho (DF)
5464668;Região Norte (DF);Planaltina (DF)
5517680;Região Central (DF);Plano Piloto (DF)
7771789;Região Central (DF);Plano Piloto (DF)
7155794;Região Central (DF);Plano Piloto (DF)
3504522;Região Central (DF);Plano Piloto (DF)
842435;Região Central (DF);Plano Piloto (DF)
3232654;Região Central (DF);Plano Piloto (DF)
6794432;Região Central (DF);Plano Piloto (DF)
3211207;Região Central (DF);Plano Piloto (DF)
7333382;Região Central (DF);Plano Piloto (DF)
3061701;Região Central (DF);Plano Piloto (DF)
3088316;Região Central (DF);Plano Piloto (DF)
9330887;Região Central (DF);Plano Piloto (DF)
4841441;Região Centro-Sul (DF);Guará (DF)
958050;Região Central (DF);Plano Piloto (DF)
2860791;Região Centro-Sul (DF);SIA (DF)
3373177;Região Central (DF);Sudoeste/Octogonal (DF)
9769544;Região Central (DF);Sudoeste/Octogonal (DF)
9847898;Região Central (DF);Sudoeste/Octogonal (DF)
7881347;Região Central (DF);Sudoeste/Octogonal (DF)
4959914;Região Central (DF);Plano Piloto (DF)
813591;Região Central (DF);Plano Piloto (DF)
7111045;Região Central (DF);Plano Piloto (DF)
6572685;Região Central (DF);Plano Piloto (DF)
6750125;Região Central (DF);Plano Piloto (DF)
5334233;Região Central (DF);Plano Piloto (DF)
4862929;Região Central (DF);Plano Piloto (DF)
990035;Região Central (DF);Plano Piloto (DF)
7467931;Região Central (DF);Plano Piloto (DF)
7930976;Região Central (DF);Plano Piloto (DF)
9567445;Região Centro-Sul (DF);Guará (DF)
7087837;Região Central (DF);Lago Sul (DF)
6530400;Região Central (DF);Lago Sul (DF)
3273938;Região Central (DF);Lago Sul (DF)
9860924;Região Central (DF);Lago Sul (DF)
3057690;Região Central (DF);Lago Sul (DF)
720836;Região Centro-Sul (DF);Candangolândia (DF)
9310282;Região Sudoeste (DF);Águas Claras (DF)
9908455;Região Sudoeste (DF);Águas Claras (DF)
4477588;Região Sudoeste (DF);Águas Claras (DF)
7450451;Região Sudoeste (DF);Águas Claras (DF)
5936829;Região Sudoeste (DF);Águas Claras (DF)
9859950;Região Sudoeste (DF);Águas Claras (DF)
5539269;Região Sudoeste (DF);Vicente Pires (DF)
6760635;Região Sudoeste (DF);Taguatinga (DF)
3073807;Região Sudoeste (DF);Taguatinga (DF)
2643111;Região Sudoeste (DF);Taguatinga (DF)
9625372;Região Sudoeste (DF);Taguatinga (DF)
4515021;Região Sudoeste (DF);Taguatinga (DF)
9364471;Região Sudoeste (DF);Taguatinga (DF)
3507351;Região Sudoeste (DF);Taguatinga (DF)
405434;Região Sudoeste (DF);Taguatinga (DF)
2973340;Região Oeste (DF);Ceilândia (DF)
7544960;Região Sudoeste (DF);Samambaia (DF)
117722;Região Sul (DF);Gama (DF)
648043;Região Sul (DF);Gama (DF)
4594711;Região Norte (DF);Planaltina (DF)
9437304;Região Central (DF);Plano Piloto (DF)
4428056;Região Central (DF);Plano Piloto (DF)
9854169;Região Central (DF);Plano Piloto (DF)
3030032;Região Central (DF);Sudoeste/Octogonal (DF)
4278372;Região Centro-Sul (DF);Guará (DF)
4251946;Região Leste (DF);Jardim Botânico (DF)
4627946;Região Sudoeste (DF);Águas Claras (DF)
9098828;Região Sudoeste (DF);Águas Claras (DF)
9996613;Região Sudoeste (DF);Taguatinga (DF)
6775683;Região Oeste (DF);Ceilândia (DF)
9370072;Região Sudoeste (DF);Samambaia (DF)
4279077;Região Sudoeste (DF);Recanto das Emas (DF)
4959167;Região Oeste (DF);Brazlândia (DF)
9822275;Região Norte (DF);Sobradinho (DF)
4061152;Região Central (DF);Plano Piloto (DF)
9225668;Região Central (DF);Plano Piloto (DF)
9324801;Região Central (DF);Plano Piloto (DF)
9793852;Região Central (DF);Plano Piloto (DF)
4796454;Região Central (DF);Plano Piloto (DF)
2905078;Região Sudoeste (DF);Taguatinga (DF)
4132629;Região Sul (DF);Gama (DF)
4550005;Região Norte (DF);Sobradinho (DF)
9832009;Região Norte (DF);Planaltina (DF)
9534806;Região Central (DF);Plano Piloto (DF)
2875624;Região Central (DF);Plano Piloto (DF)
6330932;Região Leste (DF);Paranoá (DF)
6602096;Região Sudoeste (DF);Taguatinga (DF)
500313;Região Norte (DF);Sobradinho (DF)
9459286;Região Central (DF);Plano Piloto (DF)
3778207;Região Central (DF);Plano Piloto (DF)
3973042;Região Central (DF);Plano Piloto (DF)
7391943;Região Central (DF);Plano Piloto (DF)
3553566;Região Central (DF);Plano Piloto (DF)
5370191;Região Central (DF);Plano Piloto (DF)
4236653;Região Sudoeste (DF);Vicente Pires (DF)
4536452;Região Sudoeste (DF);Taguatinga (DF)
6993664;Região Oeste (DF);Ceilândia (DF)
310743;Região Sudoeste (DF);Vicente Pires (DF)
2936356;Região Centro-Sul (DF);SIA (DF)
7907702;Região Sudoeste (DF);Recanto das Emas (DF)
4896203;Região Central (DF);Plano Piloto (DF)
4612930;Região Sul (DF);Gama (DF)
4255534;Região Sudoeste (DF);Taguatinga (DF)
9799540;Região Central (DF);Plano Piloto (DF)
9574573;Região Central (DF);Plano Piloto (DF)
7379943;Região Leste (DF);São Sebastião (DF)
359262;Região Central (DF);Plano Piloto (DF)
9476512;Região Central (DF);Plano Piloto (DF)
6600204;Região Oeste (DF);Ceilândia (DF)
9475702;Região Norte (DF);Sobradinho (DF)
2945606;Região Central (DF);Plano Piloto (DF)
219266;Região Centro-Sul (DF);SIA (DF)
7783604;Região Centro-Sul (DF);SCIA/Estrutural (DF)
6298486;Região Central (DF);Plano Piloto (DF)
9372032;Região Sudoeste (DF);Taguatinga (DF)
883069;Região Central (DF);Sudoeste/Octogonal (DF)
913405;Região Sudoeste (DF);Águas Claras (DF)
9312013;Região Sudoeste (DF);Águas Claras (DF)
9951954;Região Norte (DF);Planaltina (DF)
5331412;Região Central (DF);Plano Piloto (DF)
922293;Região Sudoeste (DF);Águas Claras (DF)
427667;Região Central (DF);Plano Piloto (DF)
9123598;Região Central (DF);Lago Norte (DF)
4438914;Região Sudoeste (DF);Taguatinga (DF)
4955757;Região Centro-Sul (DF);Riacho Fundo I (DF)
4949196;Região Oeste (DF);Ceilândia (DF)
4949706;Região Sul (DF);Gama (DF)
4949560;Região Central (DF);Plano Piloto (DF)
4948963;Região Central (DF);Plano Piloto (DF)
453757;Região Sudoeste (DF);Taguatinga (DF)
5049555;Região Central (DF);Plano Piloto (DF)
3288978;Região Sudoeste (DF);Águas Claras (DF)
3103943;Região Central (DF);Plano Piloto (DF)
6547125;Região Central (DF);Plano Piloto (DF)
7394896;Região Central (DF);Plano Piloto (DF)
6461581;Região Central (DF);Plano Piloto (DF)
6243312;Região Central (DF);Plano Piloto (DF)
7372353;Região Central (DF);Sudoeste/Octogonal (DF)
7501609;Região Sudoeste (DF);Águas Claras (DF)
3217191;Região Central (DF);Plano Piloto (DF)
405752;Região Centro-Sul (DF);Guará (DF)
3391450;Região Oeste (DF);Ceilândia (DF)
3254062;Região Sudoeste (DF);Taguatinga (DF)
6435904;Região Central (DF);Plano Piloto (DF)
3305708;Região Central (DF);Plano Piloto (DF)
3177351;Região Central (DF);Plano Piloto (DF)
2804603;Região Central (DF);Plano Piloto (DF)
6831265;Região Central (DF);Plano Piloto (DF)
7850182;Região Central (DF);Plano Piloto (DF)
3023591;Região Central (DF);Plano Piloto (DF)
3514730;Região Central (DF);Plano Piloto (DF)
9782419;Região Centro-Sul (DF);Guará (DF)
3029557;Região Central (DF);Lago Sul (DF)
4550072;Região Central (DF);Lago Sul (DF)
3860639;Região Sudoeste (DF);Taguatinga (DF)
3177750;Região Central (DF);Plano Piloto (DF)
3086534;Região Central (DF);Plano Piloto (DF)
3252434;Região Central (DF);Plano Piloto (DF)
3514838;Região Central (DF);Plano Piloto (DF)
3116433;Região Central (DF);Plano Piloto (DF)
6425321;Região Central (DF);Plano Piloto (DF)
7092725;Região Central (DF);Plano Piloto (DF)
3454746;Região Central (DF);Plano Piloto (DF)
3177742;Região Central (DF);Plano Piloto (DF)
7981422;Região Sudoeste (DF);Taguatinga (DF)
3048934;Região Central (DF);Plano Piloto (DF)
3216292;Região Central (DF);Plano Piloto (DF)
3792072;Região Central (DF);Plano Piloto (DF)
3388425;Região Central (DF);Plano Piloto (DF)
7264895;Região Central (DF);Plano Piloto (DF)
7979541;Região Centro-Sul (DF);SIA (DF)
4530101;Região Sudoeste (DF);Taguatinga (DF)
3355780;Região Central (DF);Plano Piloto (DF)
3448622;Região Sul (DF);Gama (DF)
4007867;Região Central (DF);Plano Piloto (DF)
9767614;Região Central (DF);Plano Piloto (DF)
5506719;Região Central (DF);Plano Piloto (DF)
2941236;Região Central (DF);Cruzeiro (DF)
7181426;Região Central (DF);Plano Piloto (DF)
4339096;Região Sudoeste (DF);Águas Claras (DF)
5506727;Região Oeste (DF);Ceilândia (DF)
9320466;Região Central (DF);Plano Piloto (DF)
9691596;Região Sudoeste (DF);Recanto das Emas (DF)
9691626;Região Oeste (DF);Ceilândia (DF)
989916;Região Central (DF);Plano Piloto (DF)
298514;Região Central (DF);Plano Piloto (DF)
6678505;Região Central (DF);Plano Piloto (DF)
4518918;Região Central (DF);Plano Piloto (DF)
4457684;Região Central (DF);Plano Piloto (DF)
4518888;Região Central (DF);Plano Piloto (DF)
4522893;Região Central (DF);Plano Piloto (DF)
4518934;Região Central (DF);Plano Piloto (DF)
4519000;Região Sudoeste (DF);Taguatinga (DF)
4518950;Região Oeste (DF);Ceilândia (DF)
4457641;Região Central (DF);Plano Piloto (DF)
4457676;Região Sudoeste (DF);Taguatinga (DF)
5350107;Região Central (DF);Plano Piloto (DF)
9129650;Região Central (DF);Plano Piloto (DF)
3911810;Região Central (DF);Sudoeste/Octogonal (DF)
9385738;Região Central (DF);Plano Piloto (DF)
7688121;Região Central (DF);Lago Sul (DF)
4561007;Região Central (DF);Plano Piloto (DF)
653470;Região Sudoeste (DF);Águas Claras (DF)
4712897;Região Central (DF);Plano Piloto (DF)
4433785;Região Central (DF);Sudoeste/Octogonal (DF)
4712420;Região Central (DF);Plano Piloto (DF)
4998243;Região Central (DF);Lago Sul (DF)
2858266;Região Central (DF);Lago Sul (DF)
4714938;Região Sudoeste (DF);Águas Claras (DF)
4714687;Região Sudoeste (DF);Arniqueira (DF)
4715306;Região Sudoeste (DF);Taguatinga (DF)
4433076;Região Sudoeste (DF);Taguatinga (DF)
4433203;Região Sudoeste (DF);Taguatinga (DF)
4433947;Região Norte (DF);Planaltina (DF)
4702255;Região Central (DF);Plano Piloto (DF)
4712447;Região Central (DF);Plano Piloto (DF)
4708504;Região Central (DF);Plano Piloto (DF)
4713893;Região Central (DF);Plano Piloto (DF)
4714792;Região Central (DF);Sudoeste/Octogonal (DF)
4707443;Região Central (DF);Sudoeste/Octogonal (DF)
4711084;Região Central (DF);Plano Piloto (DF)
4712927;Região Central (DF);Plano Piloto (DF)
4714172;Região Centro-Sul (DF);Guará (DF)
4708121;Região Central (DF);Lago Norte (DF)
4712854;Região Central (DF);Lago Sul (DF)
4716469;Região Oeste (DF);Ceilândia (DF)
5000009;Região Sudoeste (DF);Samambaia (DF)
4707095;Região Central (DF);Plano Piloto (DF)
4712463;Região Central (DF);Plano Piloto (DF)
4713613;Região Central (DF);Cruzeiro (DF)
4688422;Região Central (DF);Plano Piloto (DF)
4713605;Região Centro-Sul (DF);Guará (DF)
4702018;Região Central (DF);Lago Sul (DF)
4433041;Região Sudoeste (DF);Taguatinga (DF)
4865561;Região Oeste (DF);Ceilândia (DF)
5176069;Região Oeste (DF);Ceilândia (DF)
4433033;Região Sul (DF);Gama (DF)
4433289;Região Sul (DF);Santa Maria (DF)
4865669;Região Sudoeste (DF);Recanto das Emas (DF)
4701658;Região Central (DF);Plano Piloto (DF)
4713583;Região Centro-Sul (DF);Riacho Fundo I (DF)
4432355;Região Sudoeste (DF);Arniqueira (DF)
4433416;Região Sudoeste (DF);Vicente Pires (DF)
4433149;Região Sudoeste (DF);Taguatinga (DF)
4688570;Região Sudoeste (DF);Samambaia (DF)
4433068;Região Sudoeste (DF);Samambaia (DF)
787035;Região Norte (DF);Sobradinho (DF)
4702239;Região Central (DF);Plano Piloto (DF)
4433092;Região Central (DF);Plano Piloto (DF)
4690419;Região Sudoeste (DF);Águas Claras (DF)
4708466;Região Norte (DF);Sobradinho (DF)
773875;Região Norte (DF);Sobradinho (DF)
4424700;Região Centro-Sul (DF);Guará (DF)
4702298;Região Central (DF);Lago Sul (DF)
940631;Região Oeste (DF);Ceilândia (DF)
771716;Região Sudoeste (DF);Águas Claras (DF)
106437;Região Sudoeste (DF);Águas Claras (DF)
2921545;Região Central (DF);Plano Piloto (DF)
9678506;Região Central (DF);Plano Piloto (DF)
2935201;Região Central (DF);Plano Piloto (DF)
7941005;Região Central (DF);Plano Piloto (DF)
4272331;Região Central (DF);Lago Norte (DF)
3086852;Região Central (DF);Plano Piloto (DF)
3599590;Região Sudoeste (DF);Taguatinga (DF)
9119361;Região Central (DF);Sudoeste/Octogonal (DF)
6692915;Região Sudoeste (DF);Taguatinga (DF)
5485010;Região Central (DF);Plano Piloto (DF)
9727353;Região Central (DF);Plano Piloto (DF)
886564;Região Sudoeste (DF);Águas Claras (DF)
4945409;Região Sudoeste (DF);Águas Claras (DF)
7262000;Região Sudoeste (DF);Águas Claras (DF)
2980177;Região Sul (DF);Gama (DF)
4666402;Região Sudoeste (DF);Taguatinga (DF)
2972581;Região Central (DF);Plano Piloto (DF)
35742;Região Central (DF);Plano Piloto (DF)
822663;Região Central (DF);Plano Piloto (DF)
3044262;Região Central (DF);Plano Piloto (DF)
9372385;Região Central (DF);Plano Piloto (DF)
4051890;Região Central (DF);Lago Norte (DF)
3027767;Região Sul (DF);Gama (DF)
5517702;Região Central (DF);Plano Piloto (DF)
7612532;Região Central (DF);Plano Piloto (DF)
7779747;Região Central (DF);Sudoeste/Octogonal (DF)
7779739;Região Centro-Sul (DF);Núcleo Bandeirante (DF)
9430687;Região Sudoeste (DF);Águas Claras (DF)
3027899;Região Central (DF);Plano Piloto (DF)
7069138;Região Central (DF);Cruzeiro (DF)
3027708;Região Central (DF);Plano Piloto (DF)
984809;Região Central (DF);Lago Sul (DF)
927104;Região Sudoeste (DF);Arniqueira (DF)
2829924;Região Oeste (DF);Ceilândia (DF)
7274769;Região Sul (DF);Gama (DF)
9632190;Região Central (DF);Plano Piloto (DF)
9676937;Região Centro-Sul (DF);Guará (DF)
6520413;Região Leste (DF);Jardim Botânico (DF)
7775628;Região Sudoeste (DF);Águas Claras (DF)
3027961;Região Oeste (DF);Ceilândia (DF)
7775555;Região Sul (DF);Gama (DF)
6056911;Região Central (DF);Plano Piloto (DF)
6533817;Região Leste (DF);São Sebastião (DF)
3027856;Região Norte (DF);Sobradinho (DF)
3343340;Região Sul (DF);Gama (DF)
9098011;Região Leste (DF);Paranoá (DF)
9605576;Região Leste (DF);Jardim Botânico (DF)
7891520;Região Sul (DF);Santa Maria (DF)
9605509;Região Sudoeste (DF);Taguatinga (DF)
5923867;Região Sudoeste (DF);Samambaia (DF)
3027791;Região Sudoeste (DF);Samambaia (DF)
7773234;Região Central (DF);Plano Piloto (DF)
6617026;Região Sudoeste (DF);Taguatinga (DF)
7693796;Região Central (DF);Lago Sul (DF)
219274;Região Central (DF);Plano Piloto (DF)
3027953;Região Central (DF);Plano Piloto (DF)
3027740;Região Central (DF);Plano Piloto (DF)
6517986;Região Oeste (DF);Ceilândia (DF)
6349463;Região Sudoeste (DF);Águas Claras (DF)
3027864;Região Norte (DF);Planaltina (DF)
9605592;Região Central (DF);Plano Piloto (DF)
9682139;Região Central (DF);Plano Piloto (DF)
4061381;Região Sudoeste (DF);Águas Claras (DF)
5855241;Região Sudoeste (DF);Águas Claras (DF)
9058362;Região Central (DF);Plano Piloto (DF)
9255001;Região Centro-Sul (DF);SIA (DF)
4523229;Região Central (DF);Plano Piloto (DF)
4514343;Região Central (DF);Plano Piloto (DF)
484210;Região Central (DF);Plano Piloto (DF)
5083400;Região Sudoeste (DF);Taguatinga (DF)
5486122;Região Central (DF);Plano Piloto (DF)
2987279;Região Sudoeste (DF);Taguatinga (DF)
4704398;Região Sudoeste (DF);Águas Claras (DF)
255416;Região Central (DF);Plano Piloto (DF)
9935010;Região Central (DF);Plano Piloto (DF)
9191917;Região Central (DF);Plano Piloto (DF)
606545;Região Central (DF);Plano Piloto (DF)
9629912;Região Central (DF);Plano Piloto (DF)
7790392;Região Central (DF);Plano Piloto (DF)
3744035;Região Central (DF);Plano Piloto (DF)
606871;Região Central (DF);Plano Piloto (DF)
5326044;Região Central (DF);Sudoeste/Octogonal (DF)
4092538;Região Sudoeste (DF);Águas Claras (DF)
2866501;Região Sudoeste (DF);Águas Claras (DF)
7890583;Região Sudoeste (DF);Águas Claras (DF)
9612750;Região Sudoeste (DF);Taguatinga (DF)
9716491;Região Oeste (DF);Ceilândia (DF)
9575812;Região Sul (DF);Gama (DF)
4136896;Região Sul (DF);Gama (DF)
9771727;Região Sul (DF);Santa Maria (DF)
9818693;Região Norte (DF);Sobradinho (DF)
5409721;Região Norte (DF);Planaltina (DF)
4094719;Região Norte (DF);Planaltina (DF)
4762088;Região Central (DF);Plano Piloto (DF)
7860811;Região Central (DF);Plano Piloto (DF)
625299;Região Central (DF);Plano Piloto (DF)
6437133;Região Central (DF);Plano Piloto (DF)
3303462;Região Central (DF);Plano Piloto (DF)
5707323;Região Central (DF);Plano Piloto (DF)
6314996;Região Central (DF);Sudoeste/Octogonal (DF)
9304401;Região Central (DF);Sudoeste/Octogonal (DF)
9192271;Região Centro-Sul (DF);Guará (DF)
9816860;Região Central (DF);Lago Sul (DF)
7821867;Região Sudoeste (DF);Águas Claras (DF)
4560523;Região Sudoeste (DF);Águas Claras (DF)
7399839;Região Sudoeste (DF);Vicente Pires (DF)
3098397;Região Sudoeste (DF);Taguatinga (DF)
5981395;Região Sudoeste (DF);Taguatinga (DF)
6289185;Região Oeste (DF);Ceilândia (DF)
4211030;Região Sul (DF);Gama (DF)
2993678;Região Sul (DF);Santa Maria (DF)
3105946;Região Norte (DF);Planaltina (DF)
9235183;Região Central (DF);Plano Piloto (DF)
464740;Região Central (DF);Plano Piloto (DF)
417610;Região Central (DF);Plano Piloto (DF)
2844621;Região Central (DF);Plano Piloto (DF)
7775954;Região Central (DF);Plano Piloto (DF)
9387676;Região Central (DF);Plano Piloto (DF)
3438678;Região Central (DF);Plano Piloto (DF)
6202780;Região Central (DF);Plano Piloto (DF)
7216807;Região Leste (DF);São Sebastião (DF)
645966;Região Centro-Sul (DF);Park Way (DF)
5483409;Região Sudoeste (DF);Águas Claras (DF)
9882669;Região Sudoeste (DF);Águas Claras (DF)
4091957;Região Sudoeste (DF);Vicente Pires (DF)
298786;Região Sudoeste (DF);Taguatinga (DF)
9672591;Região Sudoeste (DF);Taguatinga (DF)
3119416;Região Sudoeste (DF);Taguatinga (DF)
4108043;Região Sul (DF);Gama (DF)
3415465;Região Central (DF);Plano Piloto (DF)
9659781;Região Central (DF);Plano Piloto (DF)
7942257;Região Central (DF);Sudoeste/Octogonal (DF)
3039021;Região Central (DF);Sudoeste/Octogonal (DF)
9140182;Região Central (DF);Plano Piloto (DF)
3921816;Região Central (DF);Plano Piloto (DF)
9135502;Região Sudoeste (DF);Águas Claras (DF)
554634;Região Sudoeste (DF);Águas Claras (DF)
832731;Região Sudoeste (DF);Águas Claras (DF)
5508460;Região Sudoeste (DF);Águas Claras (DF)
9032290;Região Sudoeste (DF);Taguatinga (DF)
5353106;Região Sudoeste (DF);Taguatinga (DF)
4352149;Região Sul (DF);Gama (DF)
9798145;Região Sudoeste (DF);Recanto das Emas (DF)
9575243;Região Sudoeste (DF);Taguatinga (DF)
9233903;Região Sul (DF);Gama (DF)
2844370;Região Central (DF);Plano Piloto (DF)
4780752;Região Central (DF);Plano Piloto (DF)
3252477;Região Central (DF);Plano Piloto (DF)
4212819;Região Sudoeste (DF);Águas Claras (DF)
4140591;Região Sudoeste (DF);Águas Claras (DF)
9784314;Região Oeste (DF);Brazlândia (DF)
6012280;Região Norte (DF);Planaltina (DF)
9765875;Região Central (DF);Plano Piloto (DF)
3494691;Região Central (DF);Plano Piloto (DF)
9753818;Região Centro-Sul (DF);SIA (DF)
943401;Região Sudoeste (DF);Águas Claras (DF)
9782125;Região Central (DF);Plano Piloto (DF)
9765972;Região Central (DF);Plano Piloto (DF)
7037341;Região Central (DF);Plano Piloto (DF)
6747477;Região Central (DF);Plano Piloto (DF)
7761252;Região Central (DF);Plano Piloto (DF)
7881983;Região Central (DF);Plano Piloto (DF)
6619096;Região Leste (DF);São Sebastião (DF)
7178050;Região Sudoeste (DF);Águas Claras (DF)
830704;Região Sudoeste (DF);Águas Claras (DF)
5359309;Região Sudoeste (DF);Taguatinga (DF)
5796415;Região Sudoeste (DF);Taguatinga (DF)
9570632;Região Sudoeste (DF);Taguatinga (DF)
4427521;Região Norte (DF);Planaltina (DF)
3364283;Região Central (DF);Plano Piloto (DF)
7810350;Região Central (DF);Plano Piloto (DF)
3035654;Região Central (DF);Plano Piloto (DF)
6352340;Região Central (DF);Sudoeste/Octogonal (DF)
9241701;Região Sudoeste (DF);Águas Claras (DF)
7050224;Região Sudoeste (DF);Águas Claras (DF)
7264003;Região Sudoeste (DF);Taguatinga (DF)
4264592;Região Sudoeste (DF);Samambaia (DF)
3364178;Região Central (DF);Plano Piloto (DF)
4697820;Região Sudoeste (DF);Taguatinga (DF)
3208524;Região Sudoeste (DF);Taguatinga (DF)
9479198;Região Sudoeste (DF);Taguatinga (DF)
9882448;Região Sudoeste (DF);Taguatinga (DF)
4479750;Região Sudoeste (DF);Taguatinga (DF)
777331;Região Oeste (DF);Ceilândia (DF)
9299637;Região Oeste (DF);Ceilândia (DF)
6256929;Região Sudoeste (DF);Samambaia (DF)
9051384;Região Oeste (DF);Brazlândia (DF)
7928262;Região Norte (DF);Sobradinho (DF)
9249079;Região Central (DF);Plano Piloto (DF)
5315913;Região Central (DF);Plano Piloto (DF)
5134986;Região Central (DF);Plano Piloto (DF)
5687799;Região Central (DF);Plano Piloto (DF)
4781643;Região Sudoeste (DF);Águas Claras (DF)
6524095;Região Sudoeste (DF);Águas Claras (DF)
3337480;Região Sudoeste (DF);Taguatinga (DF)
4060806;Região Oeste (DF);Brazlândia (DF)
4017420;Região Central (DF);Cruzeiro (DF)
11320;Região Central (DF);Plano Piloto (DF)
9575162;Região Central (DF);Plano Piloto (DF)
9678824;Região Sudoeste (DF);Arniqueira (DF)
6294448;Região Sudoeste (DF);Taguatinga (DF)
3107272;Região Sul (DF);Gama (DF)
9038914;Região Sudoeste (DF);Águas Claras (DF)
7614365;Região Sudoeste (DF);Águas Claras (DF)
3303640;Região Central (DF);Plano Piloto (DF)
9460365;Região Norte (DF);Sobradinho (DF)
9593772;Região Norte (DF);Sobradinho (DF)
9029893;Região Central (DF);Plano Piloto (DF)
3362159;Região Central (DF);Plano Piloto (DF)
9348662;Região Central (DF);Plano Piloto (DF)
6002749;Região Sul (DF);Gama (DF)
83054;Região Central (DF);Plano Piloto (DF)
7780753;Região Sudoeste (DF);Águas Claras (DF)
4241266;Região Sudoeste (DF);Águas Claras (DF)
7308310;Região Sudoeste (DF);Taguatinga (DF)
11312;Região Sudoeste (DF);Taguatinga (DF)
5653258;Região Norte (DF);Planaltina (DF)
7418949;Região Central (DF);Plano Piloto (DF)
3073548;Região Central (DF);Lago Norte (DF)
4642430;Região Sudoeste (DF);Águas Claras (DF)
9368183;Região Sudoeste (DF);Águas Claras (DF)
7928092;Região Central (DF);Plano Piloto (DF)
110647;Região Sudoeste (DF);Taguatinga (DF)
9326650;Região Sudoeste (DF);Taguatinga (DF)
9482873;Região Oeste (DF);Ceilândia (DF)
9528091;Região Central (DF);Plano Piloto (DF)
44849;Região Central (DF);Plano Piloto (DF)
9207694;Região Sudoeste (DF);Águas Claras (DF)
4607740;Região Sudoeste (DF);Taguatinga (DF)
427160;Região Sudoeste (DF);Taguatinga (DF)
7122977;Região Central (DF);Plano Piloto (DF)
9340998;Região Sudoeste (DF);Águas Claras (DF)
9586504;Região Oeste (DF);Ceilândia (DF)
7492529;Região Sudoeste (DF);Taguatinga (DF)
2907658;Região Sudoeste (DF);Samambaia (DF)
9922628;Região Sudoeste (DF);Samambaia (DF)
7756402;Região Sudoeste (DF);Taguatinga (DF)
4342666;Região Sudoeste (DF);Taguatinga (DF)
9336400;Região Central (DF);Sudoeste/Octogonal (DF)
4640012;Região Central (DF);Plano Piloto (DF)
9050353;Região Central (DF);Plano Piloto (DF)
3836339;Região Oeste (DF);Ceilândia (DF)
3107396;Região Sul (DF);Gama (DF)
245879;Região Sul (DF);Santa Maria (DF)
9763503;Região Central (DF);Plano Piloto (DF)
9839461;Região Central (DF);Plano Piloto (DF)
4221486;Região Sudoeste (DF);Recanto das Emas (DF)
3252302;Região Central (DF);Plano Piloto (DF)
4824407;Região Central (DF);Sudoeste/Octogonal (DF)
3075990;Região Central (DF);Plano Piloto (DF)
6877214;Região Sudoeste (DF);Águas Claras (DF)
9233636;Região Sudoeste (DF);Taguatinga (DF)
7924976;Região Central (DF);Sudoeste/Octogonal (DF)
9914234;Região Central (DF);Plano Piloto (DF)
3839206;Região Central (DF);Lago Sul (DF)
3281108;Região Sudoeste (DF);Águas Claras (DF)
4459776;Região Central (DF);Lago Sul (DF)
4272374;Região Sul (DF);Santa Maria (DF)
9052682;Região Sul (DF);Santa Maria (DF)
4390601;Região Oeste (DF);Brazlândia (DF)
6665993;Região Central (DF);Lago Sul (DF)
3034712;Região Central (DF);Plano Piloto (DF)
3548309;Região Central (DF);Plano Piloto (DF)
4339177;Região Central (DF);Plano Piloto (DF)
9358897;Região Central (DF);Plano Piloto (DF)
104183;Região Central (DF);Plano Piloto (DF)
6824722;Região Centro-Sul (DF);SIA (DF)
6648649;Região Oeste (DF);Ceilândia (DF)
5712645;Região Sul (DF);Gama (DF)
4792645;Região Central (DF);Plano Piloto (DF)
3107450;Região Central (DF);Plano Piloto (DF)
4066480;Região Sudoeste (DF);Vicente Pires (DF)
5687845;Região Central (DF);Plano Piloto (DF)
4938798;Região Central (DF);Plano Piloto (DF)
6741177;Região Central (DF);Plano Piloto (DF)
985872;Região Central (DF);Plano Piloto (DF)
5962293;Região Central (DF);Plano Piloto (DF)
5003601;Região Central (DF);Plano Piloto (DF)
6458947;Região Central (DF);Plano Piloto (DF)
9920463;Região Central (DF);Plano Piloto (DF)
4604466;Região Central (DF);Plano Piloto (DF)
9870164;Região Central (DF);Plano Piloto (DF)
3117790;Região Central (DF);Plano Piloto (DF)
9758364;Região Central (DF);Sudoeste/Octogonal (DF)
5464579;Região Central (DF);Plano Piloto (DF)
3023397;Região Central (DF);Plano Piloto (DF)
5704014;Região Central (DF);Plano Piloto (DF)
3303438;Região Central (DF);Plano Piloto (DF)
4527143;Região Central (DF);Plano Piloto (DF)
3086194;Região Central (DF);Plano Piloto (DF)
6243592;Região Central (DF);Plano Piloto (DF)
6547192;Região Central (DF);Plano Piloto (DF)
177067;Região Central (DF);Plano Piloto (DF)
980544;Região Central (DF);Plano Piloto (DF)
7403364;Região Central (DF);Plano Piloto (DF)
3252485;Região Central (DF);Plano Piloto (DF)
9569693;Região Centro-Sul (DF);Guará (DF)
273694;Região Centro-Sul (DF);Guará (DF)
7473575;Região Central (DF);Lago Sul (DF)
9461485;Região Sudoeste (DF);Águas Claras (DF)
4270991;Região Sudoeste (DF);Águas Claras (DF)
7829299;Região Sudoeste (DF);Águas Claras (DF)
9553819;Região Sudoeste (DF);Águas Claras (DF)
9460470;Região Sudoeste (DF);Águas Claras (DF)
3821404;Região Sudoeste (DF);Taguatinga (DF)
9258949;Região Sudoeste (DF);Taguatinga (DF)
3222926;Região Sudoeste (DF);Taguatinga (DF)
3310760;Região Sudoeste (DF);Taguatinga (DF)
4205472;Região Oeste (DF);Ceilândia (DF)
4635779;Região Oeste (DF);Ceilândia (DF)
5470587;Região Oeste (DF);Ceilândia (DF)
3073009;Região Sul (DF);Gama (DF)
4702190;Região Sul (DF);Gama (DF)
665339;Região Sul (DF);Gama (DF)
5405025;Região Norte (DF);Sobradinho (DF)
4382137;Região Norte (DF);Planaltina (DF)
3211169;Região Central (DF);Plano Piloto (DF)
9897836;Região Central (DF);Plano Piloto (DF)
5085020;Região Central (DF);Plano Piloto (DF)
987662;Região Central (DF);Plano Piloto (DF)
3373320;Região Central (DF);Plano Piloto (DF)
3084116;Região Central (DF);Plano Piloto (DF)
219495;Região Central (DF);Plano Piloto (DF)
4572610;Região Central (DF);Sudoeste/Octogonal (DF)
4396928;Região Central (DF);Sudoeste/Octogonal (DF)
4949269;Região Central (DF);Plano Piloto (DF)
3401642;Região Central (DF);Plano Piloto (DF)
3048950;Região Central (DF);Plano Piloto (DF)
3401774;Região Central (DF);Plano Piloto (DF)
9278605;Região Central (DF);Plano Piloto (DF)
3028321;Região Central (DF);Plano Piloto (DF)
6604277;Região Central (DF);Lago Norte (DF)
9129944;Região Sudoeste (DF);Águas Claras (DF)
7811837;Região Sudoeste (DF);Águas Claras (DF)
7904053;Região Sudoeste (DF);Taguatinga (DF)
6692826;Região Sudoeste (DF);Taguatinga (DF)
3955583;Região Sudoeste (DF);Taguatinga (DF)
826596;Região Sudoeste (DF);Taguatinga (DF)
632295;Região Sudoeste (DF);Taguatinga (DF)
883158;Região Sul (DF);Gama (DF)
4085639;Região Sul (DF);Gama (DF)
4463226;Região Sul (DF);Santa Maria (DF)
7628706;Região Central (DF);Plano Piloto (DF)
9289275;Região Central (DF);Plano Piloto (DF)
9390758;Região Central (DF);Plano Piloto (DF)
7768419;Região Central (DF);Plano Piloto (DF)
9435670;Região Central (DF);Plano Piloto (DF)
4549813;Região Central (DF);Plano Piloto (DF)
972118;Região Central (DF);Plano Piloto (DF)
7129297;Região Central (DF);Plano Piloto (DF)
6661556;Região Central (DF);Plano Piloto (DF)
7269455;Região Central (DF);Plano Piloto (DF)
3212742;Região Central (DF);Plano Piloto (DF)
7459998;Região Central (DF);Plano Piloto (DF)
7437609;Região Central (DF);Plano Piloto (DF)
3034844;Região Central (DF);Plano Piloto (DF)
6763456;Região Central (DF);Plano Piloto (DF)
6600220;Região Central (DF);Sudoeste/Octogonal (DF)
5877326;Região Central (DF);Plano Piloto (DF)
9779906;Região Central (DF);Plano Piloto (DF)
7729405;Região Central (DF);Plano Piloto (DF)
4517423;Região Central (DF);Plano Piloto (DF)
7353103;Região Central (DF);Plano Piloto (DF)
9556338;Região Central (DF);Lago Sul (DF)
5085101;Região Central (DF);Lago Sul (DF)
9294791;Região Central (DF);Lago Sul (DF)
186619;Região Sudoeste (DF);Águas Claras (DF)
7273177;Região Sudoeste (DF);Taguatinga (DF)
6568777;Região Sudoeste (DF);Taguatinga (DF)
9129359;Região Sudoeste (DF);Taguatinga (DF)
252077;Região Sudoeste (DF);Taguatinga (DF)
9906657;Região Sudoeste (DF);Taguatinga (DF)
3337510;Região Sudoeste (DF);Taguatinga (DF)
9389911;Região Sudoeste (DF);Taguatinga (DF)
7771258;Região Oeste (DF);Ceilândia (DF)
7807082;Região Sudoeste (DF);Samambaia (DF)
9125434;Região Sul (DF);Gama (DF)
5406684;Região Sul (DF);Gama (DF)
9881468;Região Norte (DF);Sobradinho (DF)
9357580;Região Central (DF);Plano Piloto (DF)
3862658;Região Central (DF);Plano Piloto (DF)
5962285;Região Central (DF);Plano Piloto (DF)
9038035;Região Central (DF);Plano Piloto (DF)
4876849;Região Central (DF);Plano Piloto (DF)
5440874;Região Central (DF);Plano Piloto (DF)
7923775;Região Central (DF);Plano Piloto (DF)
215376;Região Central (DF);Sudoeste/Octogonal (DF)
7945892;Região Central (DF);Plano Piloto (DF)
886610;Região Central (DF);Plano Piloto (DF)
9242716;Região Central (DF);Plano Piloto (DF)
4917391;Região Central (DF);Plano Piloto (DF)
4784499;Região Central (DF);Plano Piloto (DF)
3504395;Região Central (DF);Plano Piloto (DF)
5735025;Região Central (DF);Plano Piloto (DF)
6599583;Região Central (DF);Plano Piloto (DF)
5350093;Região Central (DF);Plano Piloto (DF)
9272267;Região Central (DF);Plano Piloto (DF)
4519701;Região Central (DF);Plano Piloto (DF)
5680743;Região Central (DF);Plano Piloto (DF)
5252431;Região Central (DF);Plano Piloto (DF)
3065839;Região Central (DF);Plano Piloto (DF)
6256015;Região Centro-Sul (DF);Guará (DF)
3220575;Região Central (DF);Lago Sul (DF)
4879252;Região Sudoeste (DF);Águas Claras (DF)
9974202;Região Sudoeste (DF);Águas Claras (DF)
5001021;Região Sudoeste (DF);Taguatinga (DF)
7654057;Região Sudoeste (DF);Taguatinga (DF)
9439072;Região Sudoeste (DF);Taguatinga (DF)
2903865;Região Sudoeste (DF);Taguatinga (DF)
4930932;Região Sudoeste (DF);Taguatinga (DF)
9115838;Região Sudoeste (DF);Samambaia (DF)
70769;Região Norte (DF);Planaltina (DF)
7080875;Região Central (DF);Plano Piloto (DF)
9707999;Região Central (DF);Plano Piloto (DF)
5372933;Região Central (DF);Plano Piloto (DF)
5856108;Região Central (DF);Plano Piloto (DF)
3079090;Região Central (DF);Plano Piloto (DF)
7051719;Região Central (DF);Plano Piloto (DF)
3084310;Região Central (DF);Plano Piloto (DF)
7332610;Região Central (DF);Plano Piloto (DF)
5485096;Região Central (DF);Plano Piloto (DF)
9307419;Região Central (DF);Plano Piloto (DF)
4366115;Região Central (DF);Lago Norte (DF)
4616677;Região Leste (DF);Itapoã (DF)
2999838;Região Central (DF);Lago Sul (DF)
7114338;Região Central (DF);Lago Sul (DF)
2978539;Região Sudoeste (DF);Águas Claras (DF)
5486726;Região Sudoeste (DF);Águas Claras (DF)
2938820;Região Sudoeste (DF);Águas Claras (DF)
7962002;Região Sudoeste (DF);Vicente Pires (DF)
2828170;Região Sudoeste (DF);Taguatinga (DF)
9978410;Região Sudoeste (DF);Taguatinga (DF)
6747426;Região Sudoeste (DF);Taguatinga (DF)
9056939;Região Norte (DF);Sobradinho (DF)
9145567;Região Central (DF);Plano Piloto (DF)
4503767;Região Central (DF);Plano Piloto (DF)
7780664;Região Central (DF);Plano Piloto (DF)
6214304;Região Central (DF);Plano Piloto (DF)
9479341;Região Central (DF);Plano Piloto (DF)
7614357;Região Central (DF);Plano Piloto (DF)
3256863;Região Central (DF);Plano Piloto (DF)
9206930;Região Central (DF);Sudoeste/Octogonal (DF)
9974059;Região Central (DF);Plano Piloto (DF)
7954085;Região Central (DF);Plano Piloto (DF)
7308558;Região Central (DF);Plano Piloto (DF)
9530096;Região Central (DF);Plano Piloto (DF)
9865713;Região Central (DF);Plano Piloto (DF)
4842103;Região Leste (DF);São Sebastião (DF)
9766979;Região Sudoeste (DF);Águas Claras (DF)
4888448;Região Sudoeste (DF);Águas Claras (DF)
9727906;Região Sudoeste (DF);Taguatinga (DF)
9557326;Região Sudoeste (DF);Taguatinga (DF)
3057623;Região Sudoeste (DF);Taguatinga (DF)
4828410;Região Sudoeste (DF);Taguatinga (DF)
7035594;Região Oeste (DF);Ceilândia (DF)
943452;Região Sul (DF);Gama (DF)
149039;Região Sul (DF);Gama (DF)
9906355;Região Norte (DF);Sobradinho (DF)
3031721;Região Norte (DF);Sobradinho (DF)
3452107;Região Central (DF);Plano Piloto (DF)
6851622;Região Central (DF);Plano Piloto (DF)
9780858;Região Central (DF);Plano Piloto (DF)
9454071;Região Central (DF);Plano Piloto (DF)
874698;Região Central (DF);Plano Piloto (DF)
7971230;Região Central (DF);Plano Piloto (DF)
426024;Região Central (DF);Plano Piloto (DF)
4288475;Região Centro-Sul (DF);Guará (DF)
4892410;Região Central (DF);Lago Sul (DF)
471828;Região Sudoeste (DF);Águas Claras (DF)
2779293;Região Sudoeste (DF);Taguatinga (DF)
9505377;Região Sul (DF);Gama (DF)
7621353;Região Norte (DF);Sobradinho (DF)
2889889;Região Norte (DF);Sobradinho (DF)
9335064;Região Norte (DF);Planaltina (DF)
3429997;Região Central (DF);Plano Piloto (DF)
5627400;Região Central (DF);Plano Piloto (DF)
4886704;Região Central (DF);Plano Piloto (DF)
6298478;Região Central (DF);Plano Piloto (DF)
4419065;Região Central (DF);Plano Piloto (DF)
5167493;Região Central (DF);Plano Piloto (DF)
9877231;Região Central (DF);Plano Piloto (DF)
2938545;Região Central (DF);Plano Piloto (DF)
2993694;Região Centro-Sul (DF);Guará (DF)
2841495;Região Central (DF);Lago Norte (DF)
2889781;Região Central (DF);Lago Sul (DF)
9097899;Região Sudoeste (DF);Águas Claras (DF)
4957261;Região Sudoeste (DF);Taguatinga (DF)
3310612;Região Sudoeste (DF);Taguatinga (DF)
3254151;Região Sudoeste (DF);Taguatinga (DF)
7722818;Região Sul (DF);Gama (DF)
9267492;Região Central (DF);Plano Piloto (DF)
9242686;Região Central (DF);Plano Piloto (DF)
941492;Região Central (DF);Plano Piloto (DF)
3035751;Região Central (DF);Lago Sul (DF)
6266525;Região Sudoeste (DF);Águas Claras (DF)
859095;Região Sudoeste (DF);Águas Claras (DF)
5966450;Região Sudoeste (DF);Taguatinga (DF)
4428862;Região Sudoeste (DF);Taguatinga (DF)
5009251;Região Sudoeste (DF);Taguatinga (DF)
9457003;Região Sul (DF);Gama (DF)
6251080;Região Sul (DF);Gama (DF)
466751;Região Central (DF);Plano Piloto (DF)
3530973;Região Central (DF);Plano Piloto (DF)
784834;Região Central (DF);Plano Piloto (DF)
6415423;Região Central (DF);Plano Piloto (DF)
7588445;Região Central (DF);Plano Piloto (DF)
9198725;Região Central (DF);Plano Piloto (DF)
9462503;Região Central (DF);Plano Piloto (DF)
226815;Região Central (DF);Plano Piloto (DF)
797405;Região Sudoeste (DF);Águas Claras (DF)
7871805;Região Oeste (DF);Ceilândia (DF)
9871438;Região Sudoeste (DF);Samambaia (DF)
148091;Região Sul (DF);Gama (DF)
9363181;Região Sul (DF);Santa Maria (DF)
3427900;Região Central (DF);Plano Piloto (DF)
9284095;Região Centro-Sul (DF);Guará (DF)
9335196;Região Sudoeste (DF);Taguatinga (DF)
3073866;Região Sudoeste (DF);Taguatinga (DF)
9466428;Região Sudoeste (DF);Taguatinga (DF)
9942734;Região Sudoeste (DF);Taguatinga (DF)
4237323;Região Sul (DF);Gama (DF)
3452093;Região Central (DF);Plano Piloto (DF)
2643405;Região Sudoeste (DF);Taguatinga (DF)
4921194;Região Sudoeste (DF);Taguatinga (DF)
828807;Região Sul (DF);Santa Maria (DF)
380989;Região Central (DF);Plano Piloto (DF)
9002162;Região Central (DF);Plano Piloto (DF)
4533801;Região Central (DF);Plano Piloto (DF)
4996976;Região Central (DF);Plano Piloto (DF)
7263422;Região Central (DF);Plano Piloto (DF)
5875595;Região Central (DF);Sudoeste/Octogonal (DF)
4622316;Região Central (DF);Plano Piloto (DF)
314579;Região Central (DF);Lago Sul (DF)
9333983;Região Sudoeste (DF);Taguatinga (DF)
874485;Região Central (DF);Plano Piloto (DF)
3330389;Região Central (DF);Plano Piloto (DF)
6408982;Região Central (DF);Plano Piloto (DF)
7699077;Região Sudoeste (DF);Águas Claras (DF)
107158;Região Sudoeste (DF);Águas Claras (DF)
7022212;Região Sudoeste (DF);Taguatinga (DF)
7617526;Região Sudoeste (DF);Taguatinga (DF)
7009054;Região Sudoeste (DF);Taguatinga (DF)
4004922;Região Sudoeste (DF);Taguatinga (DF)
5242517;Região Sudoeste (DF);Taguatinga (DF)
9909338;Região Sudoeste (DF);Taguatinga (DF)
7268475;Região Central (DF);Plano Piloto (DF)
3074218;Região Sudoeste (DF);Taguatinga (DF)
9272356;Região Sudoeste (DF);Taguatinga (DF)
3035379;Região Central (DF);Plano Piloto (DF)
3303632;Região Central (DF);Plano Piloto (DF)
7755406;Região Central (DF);Plano Piloto (DF)
9691979;Região Sudoeste (DF);Águas Claras (DF)
4549953;Região Sudoeste (DF);Taguatinga (DF)
6276113;Região Central (DF);Plano Piloto (DF)
3650146;Região Central (DF);Plano Piloto (DF)
7107803;Região Central (DF);Lago Sul (DF)
6633374;Região Sudoeste (DF);Taguatinga (DF)
3337529;Região Sudoeste (DF);Taguatinga (DF)
2643154;Região Central (DF);Plano Piloto (DF)
6603866;Região Central (DF);Lago Norte (DF)
7506015;Região Central (DF);Lago Sul (DF)
3576108;Região Central (DF);Plano Piloto (DF)
4142799;Região Central (DF);Plano Piloto (DF)
934933;Região Centro-Sul (DF);SIA (DF)
9465316;Região Central (DF);Lago Sul (DF)
792861;Região Sudoeste (DF);Taguatinga (DF)
3107612;Região Central (DF);Plano Piloto (DF)
9843744;Região Central (DF);Plano Piloto (DF)
7416520;Região Oeste (DF);Ceilândia (DF)
3936686;Região Sul (DF);Gama (DF)
9064613;Região Central (DF);Plano Piloto (DF)
3103714;Região Central (DF);Plano Piloto (DF)
7980558;Região Central (DF);Plano Piloto (DF)
3210723;Região Central (DF);Plano Piloto (DF)
3211258;Região Central (DF);Plano Piloto (DF)
3023311;Região Central (DF);Plano Piloto (DF)
9477675;Região Sudoeste (DF);Taguatinga (DF)
7282133;Região Oeste (DF);Ceilândia (DF)
680486;Região Sudoeste (DF);Taguatinga (DF)
9371117;Região Central (DF);Plano Piloto (DF)
4759737;Região Central (DF);Plano Piloto (DF)
7470657;Região Central (DF);Plano Piloto (DF)
4807790;Região Sudoeste (DF);Vicente Pires (DF)
3860841;Região Central (DF);Plano Piloto (DF)
6693709;Região Sudoeste (DF);Taguatinga (DF)
3211541;Região Central (DF);Plano Piloto (DF)
3083888;Região Central (DF);Plano Piloto (DF)
9155880;Região Central (DF);Plano Piloto (DF)
3216381;Região Central (DF);Plano Piloto (DF)
773190;Região Central (DF);Plano Piloto (DF)
7612540;Região Central (DF);Plano Piloto (DF)
9334718;Região Sudoeste (DF);Águas Claras (DF)
3089789;Região Sudoeste (DF);Taguatinga (DF)
7930011;Região Norte (DF);Planaltina (DF)
4483707;Região Central (DF);Plano Piloto (DF)
4493656;Região Central (DF);Plano Piloto (DF)
3065057;Região Central (DF);Plano Piloto (DF)
3427749;Região Central (DF);Plano Piloto (DF)
2866552;Região Central (DF);Plano Piloto (DF)
3210588;Região Centro-Sul (DF);Guará (DF)
7263961;Região Central (DF);Lago Sul (DF)
392677;Região Sudoeste (DF);Samambaia (DF)
3253635;Região Central (DF);Plano Piloto (DF)
9445714;Região Central (DF);Plano Piloto (DF)
7356129;Região Central (DF);Plano Piloto (DF)
6384552;Região Sudoeste (DF);Taguatinga (DF)
4881001;Região Oeste (DF);Ceilândia (DF)
9555560;Região Sudoeste (DF);Samambaia (DF)
812080;Região Sul (DF);Gama (DF)
9312447;Região Sudoeste (DF);Águas Claras (DF)
3036960;Região Central (DF);Plano Piloto (DF)
7423136;Região Central (DF);Plano Piloto (DF)
7929404;Região Central (DF);Plano Piloto (DF)
9052925;Região Central (DF);Plano Piloto (DF)
9423451;Região Sul (DF);Gama (DF)
4237781;Região Norte (DF);Planaltina (DF)
4558170;Região Central (DF);Plano Piloto (DF)
9089780;Região Central (DF);Plano Piloto (DF)
3404374;Região Central (DF);Plano Piloto (DF)
428256;Região Central (DF);Plano Piloto (DF)
3744221;Região Central (DF);Plano Piloto (DF)
7357672;Região Sudoeste (DF);Taguatinga (DF)
7791143;Região Sudoeste (DF);Taguatinga (DF)
3101193;Região Norte (DF);Sobradinho (DF)
659592;Região Sul (DF);Santa Maria (DF)
9276092;Região Norte (DF);Sobradinho (DF)
2838028;Região Centro-Sul (DF);Guará (DF)
9547754;Região Sudoeste (DF);Taguatinga (DF)
6354955;Região Central (DF);Plano Piloto (DF)
9072934;Região Central (DF);Plano Piloto (DF)
881678;Região Oeste (DF);Ceilândia (DF)
6285988;Região Sudoeste (DF);Recanto das Emas (DF)
2627582;Região Sudoeste (DF);Taguatinga (DF)
9341137;Região Central (DF);Plano Piloto (DF)
7969457;Região Norte (DF);Planaltina (DF)
7801866;Região Central (DF);Plano Piloto (DF)
9484280;Região Sudoeste (DF);Taguatinga (DF)
310719;Região Centro-Sul (DF);Núcleo Bandeirante (DF)
6964095;Região Centro-Sul (DF);SIA (DF)
4587057;Região Sul (DF);Gama (DF)
3354105;Região Central (DF);Plano Piloto (DF)
9339809;Região Central (DF);Plano Piloto (DF)
7860757;Região Central (DF);Plano Piloto (DF)
9896643;Região Sudoeste (DF);Águas Claras (DF)
3984494;Região Sudoeste (DF);Taguatinga (DF)
3102173;Região Central (DF);Plano Piloto (DF)
7734255;Região Central (DF);Plano Piloto (DF)
7566611;Região Sudoeste (DF);Taguatinga (DF)
6932851;Região Oeste (DF);Ceilândia (DF)
3373312;Região Central (DF);Plano Piloto (DF)
3306496;Região Central (DF);Plano Piloto (DF)
9259651;Região Central (DF);Plano Piloto (DF)
7862792;Região Central (DF);Plano Piloto (DF)
7974655;Região Sudoeste (DF);Águas Claras (DF)
9098348;Região Sudoeste (DF);Águas Claras (DF)
2643561;Região Sudoeste (DF);Taguatinga (DF)
7978243;Região Central (DF);Plano Piloto (DF)
9476520;Região Central (DF);Plano Piloto (DF)
6362710;Região Central (DF);Plano Piloto (DF)
7747233;Região Sudoeste (DF);Taguatinga (DF)
4850491;Região Central (DF);Plano Piloto (DF)
5511968;Região Central (DF);Plano Piloto (DF)
9843701;Região Central (DF);Plano Piloto (DF)
7895976;Região Central (DF);Plano Piloto (DF)
9025391;Região Centro-Sul (DF);SIA (DF)
5821819;Região Central (DF);Plano Piloto (DF)
6691935;Região Sudoeste (DF);Águas Claras (DF)
7869096;Região Central (DF);Sudoeste/Octogonal (DF)
9615806;Região Sudoeste (DF);Águas Claras (DF)
844047;Região Central (DF);Plano Piloto (DF)
4422244;Região Oeste (DF);Ceilândia (DF)
9078576;Região Sudoeste (DF);Águas Claras (DF)
5367271;Região Sudoeste (DF);Águas Claras (DF)
3022633;Região Central (DF);Plano Piloto (DF)
3079104;Região Central (DF);Plano Piloto (DF)
3932923;Região Central (DF);Plano Piloto (DF)
3212785;Região Central (DF);Plano Piloto (DF)
7623941;Região Sudoeste (DF);Águas Claras (DF)
9525904;Região Central (DF);Plano Piloto (DF)
5611946;Região Central (DF);Plano Piloto (DF)
9525866;Região Central (DF);Plano Piloto (DF)
9001212;Região Central (DF);Plano Piloto (DF)
7682808;Região Central (DF);Plano Piloto (DF)
6750117;Região Central (DF);Plano Piloto (DF)
3263371;Região Central (DF);Plano Piloto (DF)
9534687;Região Sudoeste (DF);Taguatinga (DF)
3303624;Região Central (DF);Plano Piloto (DF)
7335067;Região Central (DF);Plano Piloto (DF)
3039838;Região Central (DF);Plano Piloto (DF)
9442243;Região Central (DF);Plano Piloto (DF)
3095525;Região Sudoeste (DF);Taguatinga (DF)
3973069;Região Central (DF);Plano Piloto (DF)
2993619;Região Central (DF);Plano Piloto (DF)
2616696;Região Central (DF);Plano Piloto (DF)
4775260;Região Central (DF);Plano Piloto (DF)
300578;Região Centro-Sul (DF);SIA (DF)
4602269;Região Central (DF);Plano Piloto (DF)
918466;Região Sudoeste (DF);Águas Claras (DF)
826006;Região Central (DF);Plano Piloto (DF)
501786;Região Central (DF);Plano Piloto (DF)
3578488;Região Central (DF);Plano Piloto (DF)
620920;Região Oeste (DF);Ceilândia (DF)
7663382;Região Sudoeste (DF);Águas Claras (DF)
555584;Região Sudoeste (DF);Taguatinga (DF)
9131175;Região Oeste (DF);Brazlândia (DF)
6547257;Região Central (DF);Plano Piloto (DF)
4519019;Região Central (DF);Plano Piloto (DF)
7025378;Região Central (DF);Plano Piloto (DF)
3050904;Região Central (DF);Plano Piloto (DF)
9182039;Região Central (DF);Plano Piloto (DF)
9827811;Região Central (DF);Plano Piloto (DF)
6000754;Região Sudoeste (DF);Águas Claras (DF)
7781539;Região Central (DF);Sudoeste/Octogonal (DF)
6865089;Região Central (DF);Plano Piloto (DF)
6698395;Região Central (DF);Sudoeste/Octogonal (DF)
9536469;Região Sudoeste (DF);Taguatinga (DF)
5039746;Região Central (DF);Plano Piloto (DF)
3028526;Região Central (DF);Lago Sul (DF)
3521842;Região Central (DF);Plano Piloto (DF)
9639489;Região Sudoeste (DF);Águas Claras (DF)
6143687;Região Sudoeste (DF);Recanto das Emas (DF)
5921449;Região Norte (DF);Sobradinho (DF)
5085047;Região Central (DF);Lago Sul (DF)
3000974;Região Central (DF);Plano Piloto (DF)
7477090;Região Central (DF);Lago Norte (DF)
735078;Região Norte (DF);Sobradinho II (DF)
7242441;Região Norte (DF);Sobradinho (DF)
3737543;Região Central (DF);Plano Piloto (DF)
2862212;Região Sudoeste (DF);Águas Claras (DF)
3029875;Região Central (DF);Plano Piloto (DF)
6707513;Região Central (DF);Plano Piloto (DF)
9722580;Região Central (DF);Plano Piloto (DF)
5049520;Região Sudoeste (DF);Águas Claras (DF)
366986;Região Sudoeste (DF);Samambaia (DF)
6599516;Região Central (DF);Plano Piloto (DF)
2843692;Região Sudoeste (DF);Águas Claras (DF)
3215830;Região Central (DF);Plano Piloto (DF)
9826297;Região Sul (DF);Gama (DF)
38210;Região Sudoeste (DF);Águas Claras (DF)
9153896;Região Central (DF);Plano Piloto (DF)
9839321;Região Central (DF);Plano Piloto (DF)
4031881;Região Central (DF);Lago Sul (DF)
3635945;Região Central (DF);Plano Piloto (DF)
7841140;Região Central (DF);Sudoeste/Octogonal (DF)
7600755;Região Sudoeste (DF);Taguatinga (DF)
6214274;Região Central (DF);Plano Piloto (DF)
9488073;Região Sudoeste (DF);Taguatinga (DF)
9047913;Região Central (DF);Plano Piloto (DF)
6820131;Região Central (DF);Plano Piloto (DF)
3109941;Região Sudoeste (DF);Taguatinga (DF)
6553192;Região Central (DF);Plano Piloto (DF)
3067378;Região Central (DF);Lago Sul (DF)
6168892;Região Central (DF);Plano Piloto (DF)
7861559;Região Central (DF);Plano Piloto (DF)
2811219;Região Central (DF);Plano Piloto (DF)
3098230;Região Sudoeste (DF);Taguatinga (DF)
4489047;Região Centro-Sul (DF);Riacho Fundo I (DF)
4478738;Região Sudoeste (DF);Recanto das Emas (DF)
7847459;Região Sudoeste (DF);Taguatinga (DF)
3114236;Região Norte (DF);Sobradinho (DF)
4906934;Região Central (DF);Plano Piloto (DF)
6362729;Região Central (DF);Plano Piloto (DF)
7806434;Região Central (DF);Plano Piloto (DF)
181552;Região Central (DF);Plano Piloto (DF)
5027438;Região Central (DF);Plano Piloto (DF)
4501756;Região Sudoeste (DF);Águas Claras (DF)
9411887;Região Central (DF);Plano Piloto (DF)
185256;Região Sudoeste (DF);Águas Claras (DF)
797146;Região Central (DF);Plano Piloto (DF)
3048551;Região Central (DF);Lago Sul (DF)
6921434;Região Central (DF);Plano Piloto (DF)
7981457;Região Central (DF);Sudoeste/Octogonal (DF)
4148444;Região Central (DF);Sudoeste/Octogonal (DF)
4505611;Região Sudoeste (DF);Águas Claras (DF)
7862075;Região Central (DF);Plano Piloto (DF)
7121830;Região Central (DF);Plano Piloto (DF)
9264426;Região Sudoeste (DF);Águas Claras (DF)
878111;Região Central (DF);Sudoeste/Octogonal (DF)
9551948;Região Central (DF);Plano Piloto (DF)
7344538;Região Norte (DF);Planaltina (DF)
7907958;Região Central (DF);Lago Norte (DF)
9307524;Região Centro-Sul (DF);Riacho Fundo I (DF)
7766777;Região Sudoeste (DF);Taguatinga (DF)
3041697;Região Central (DF);Plano Piloto (DF)
2616718;Região Central (DF);Plano Piloto (DF)
4367634;Região Central (DF);Plano Piloto (DF)
9025731;Região Central (DF);Plano Piloto (DF)
5927579;Região Central (DF);Lago Sul (DF)
7161158;Região Central (DF);Plano Piloto (DF)
10561;Região Central (DF);Sudoeste/Octogonal (DF)
3019608;Região Central (DF);Plano Piloto (DF)
3005402;Região Central (DF);Plano Piloto (DF)
223441;Região Sul (DF);Gama (DF)
9699848;Região Central (DF);Plano Piloto (DF)
3027694;Região Centro-Sul (DF);SIA (DF)
7935927;Região Centro-Sul (DF);SIA (DF)
9748202;Região Central (DF);Plano Piloto (DF)
973343;Região Central (DF);Plano Piloto (DF)
9187804;Região Sudoeste (DF);Taguatinga (DF)
9187723;Região Norte (DF);Sobradinho (DF)
9187839;Região Sul (DF);Gama (DF)
5128757;Região Central (DF);Plano Piloto (DF)
6012515;Região Central (DF);Plano Piloto (DF)
9179321;Região Central (DF);Plano Piloto (DF)
7556012;Região Central (DF);Plano Piloto (DF)
6854257;Região Oeste (DF);Ceilândia (DF)
4910931;Região Central (DF);Plano Piloto (DF)
7897235;Região Central (DF);Lago Sul (DF)
7719531;Região Centro-Sul (DF);Guará (DF)
4736982;Região Central (DF);Plano Piloto (DF)
7929129;Região Central (DF);Lago Sul (DF)
7957815;Região Sudoeste (DF);Taguatinga (DF)
3082423;Região Central (DF);Sudoeste/Octogonal (DF)
9626670;Região Central (DF);Plano Piloto (DF)
3037290;Região Sudoeste (DF);Taguatinga (DF)
4573110;Região Sudoeste (DF);Taguatinga (DF)
3548104;Região Sudoeste (DF);Taguatinga (DF)
9180168;Região Sul (DF);Gama (DF)
3022870;Região Oeste (DF);Ceilândia (DF)
2779420;Região Central (DF);Plano Piloto (DF)
3224228;Região Central (DF);Plano Piloto (DF)
9967486;Região Oeste (DF);Ceilândia (DF)
6490883;Região Norte (DF);Sobradinho (DF)
7980221;Região Central (DF);Plano Piloto (DF)
9768912;Região Central (DF);Plano Piloto (DF)
7843380;Região Central (DF);Plano Piloto (DF)
3056414;Região Central (DF);Plano Piloto (DF)
5479878;Região Norte (DF);Sobradinho (DF)
9040021;Região Oeste (DF);Ceilândia (DF)
9710248;Região Leste (DF);Jardim Botânico (DF)
5831628;Região Oeste (DF);Ceilândia (DF)
4433319;Região Sudoeste (DF);Samambaia (DF)
7766440;Região Sudoeste (DF);Águas Claras (DF)
7491484;Região Oeste (DF);Ceilândia (DF)
3077098;Região Central (DF);Plano Piloto (DF)
49867;Região Sudoeste (DF);Águas Claras (DF)
3055450;Região Central (DF);Plano Piloto (DF)
2779366;Região Central (DF);Plano Piloto (DF)
3459918;Região Sudoeste (DF);Taguatinga (DF)
7116373;Região Central (DF);Plano Piloto (DF)
6730914;Região Central (DF);Cruzeiro (DF)
6820115;Região Central (DF);Plano Piloto (DF)
6876617;Região Central (DF);Plano Piloto (DF)
3030121;Região Sudoeste (DF);Taguatinga (DF)
3018520;Região Oeste (DF);Ceilândia (DF)
7978642;Região Central (DF);Lago Sul (DF)
3013162;Região Sul (DF);Gama (DF)
2815966;Região Central (DF);Plano Piloto (DF)
2866161;Região Sudoeste (DF);Águas Claras (DF)
2649497;Região Sudoeste (DF);Taguatinga (DF)
3276678;Região Central (DF);Sudoeste/Octogonal (DF)
5717515;Região Sul (DF);Santa Maria (DF)
10456;Região Central (DF);Plano Piloto (DF)
2673916;Região Central (DF);Plano Piloto (DF)
7948824;Região Central (DF);Plano Piloto (DF)
7991517;Região Central (DF);Plano Piloto (DF)
7991533;Região Central (DF);Plano Piloto (DF)
7991398;Região Sudoeste (DF);Recanto das Emas (DF)
7991509;Região Sudoeste (DF);Recanto das Emas (DF)
7991320;Região Central (DF);Plano Piloto (DF)
7991584;Região Central (DF);Plano Piloto (DF)
7790880;Região Centro-Sul (DF);SIA (DF)
7790902;Região Centro-Sul (DF);SIA (DF)
7991568;Região Sudoeste (DF);Samambaia (DF)
7991576;Região Sudoeste (DF);Samambaia (DF)
7740697;Região Centro-Sul (DF);SIA (DF)
7366442;Região Norte (DF);Planaltina (DF)
7991606;Região Sudoeste (DF);Taguatinga (DF)
7991614;Região Sudoeste (DF);Taguatinga (DF)
7991495;Região Oeste (DF);Ceilândia (DF)
7991525;Região Oeste (DF);Ceilândia (DF)
7991487;Região Norte (DF);Sobradinho (DF)
7991347;Região Norte (DF);Sobradinho (DF)
7991401;Região Sul (DF);Gama (DF)
7991592;Região Sul (DF);Gama (DF)
7991371;Região Sudoeste (DF);Taguatinga (DF)
7991541;Região Sudoeste (DF);Taguatinga (DF)
7049188;Região Central (DF);Plano Piloto (DF)
484105;Região Sul (DF);Gama (DF)
11495;Região Oeste (DF);Brazlândia (DF)
4979656;Região Sul (DF);Gama (DF)
4979699;Região Sul (DF);Santa Maria (DF)
9263632;Região Central (DF);Plano Piloto (DF)
5117666;Região Central (DF);Lago Norte (DF)
7041594;Região Norte (DF);Sobradinho (DF)
6770665;Região Norte (DF);Sobradinho II (DF)
7765932;Região Leste (DF);Jardim Botânico (DF)
7740700;Região Sul (DF);Santa Maria (DF)
7740735;Região Sudoeste (DF);Recanto das Emas (DF)
6213936;Região Central (DF);Plano Piloto (DF)
7740719;Região Leste (DF);São Sebastião (DF)
6216005;Região Norte (DF);Arapoanga (DF)
253804;Região Leste (DF);Paranoá (DF)
769045;Região Sudoeste (DF);Samambaia (DF)
659274;Região Centro-Sul (DF);Núcleo Bandeirante (DF)
904716;Região Oeste (DF);Ceilândia (DF)
658286;Região Norte (DF);Sobradinho (DF)
658359;Região Norte (DF);Planaltina (DF)
9494901;Região Centro-Sul (DF);SIA (DF)
769002;Região Sudoeste (DF);Taguatinga (DF)
253812;Região Leste (DF);São Sebastião (DF)
9891943;Região Central (DF);Plano Piloto (DF)
7957645;Região Sudoeste (DF);Taguatinga (DF)
2932032;Região Sudoeste (DF);Águas Claras (DF)
7898215;Região Leste (DF);Paranoá (DF)
9571280;Região Oeste (DF);Brazlândia (DF)
11584;Região Norte (DF);Planaltina (DF)
3144542;Região Oeste (DF);Ceilândia (DF)
11096;Região Norte (DF);Planaltina (DF)
3144658;Região Oeste (DF);Brazlândia (DF)
9548203;Região Oeste (DF);Brazlândia (DF)
6770657;Região Norte (DF);Sobradinho II (DF)
11681;Região Centro-Sul (DF);Núcleo Bandeirante (DF)
3144631;Região Oeste (DF);Brazlândia (DF)
2804387;Região Norte (DF);Sobradinho II (DF)
2673924;Região Centro-Sul (DF);Riacho Fundo II (DF)
263680;Região Central (DF);Plano Piloto (DF)
9643338;Região Oeste (DF);Ceilândia (DF)
3742865;Região Oeste (DF);Brazlândia (DF)
7687079;Região Norte (DF);Sobradinho (DF)
11592;Região Norte (DF);Planaltina (DF)
11622;Região Norte (DF);Planaltina (DF)
3633845;Região Sudoeste (DF);Samambaia (DF)
2779404;Região Sul (DF);Gama (DF)
11509;Região Oeste (DF);Brazlândia (DF)
11517;Região Norte (DF);Fercal (DF)
11606;Região Norte (DF);Planaltina (DF)
2804174;Região Norte (DF);Planaltina (DF)
2672227;Região Norte (DF);Planaltina (DF)
11614;Região Leste (DF);Paranoá (DF)
11630;Região Leste (DF);Paranoá (DF)
3742857;Região Sudoeste (DF);Samambaia (DF)
9566961;Região Norte (DF);Planaltina (DF)
3212025;Região Leste (DF);São Sebastião (DF)
2779331;Região Sudoeste (DF);Recanto das Emas (DF)
9543945;Região Sudoeste (DF);Recanto das Emas (DF)
4986768;Região Oeste (DF);Brazlândia (DF)
3027651;Região Centro-Sul (DF);SIA (DF)
4986725;Região Leste (DF);Jardim Botânico (DF)
3286932;Região Leste (DF);Jardim Botânico (DF)
3144615;Região Sul (DF);Gama (DF)
9647597;Região Sudoeste (DF);Samambaia (DF)
3027635;Região Sul (DF);Gama (DF)
7559194;Região Sul (DF);Santa Maria (DF)
6736602;Região Norte (DF);Planaltina (DF)
4986792;Região Leste (DF);Paranoá (DF)
2804107;Região Leste (DF);Paranoá (DF)
7423489;Região Leste (DF);São Sebastião (DF)
7843135;Região Sul (DF);Gama (DF)
2673894;Região Sul (DF);Gama (DF)
11576;Região Norte (DF);Planaltina (DF)
7075596;Região Leste (DF);Paranoá (DF)
3144623;Região Sudoeste (DF);Recanto das Emas (DF)
3144666;Região Norte (DF);Planaltina (DF)
3212033;Região Leste (DF);São Sebastião (DF)
3212017;Região Leste (DF);São Sebastião (DF)
3677044;Região Oeste (DF);Ceilândia (DF)
3144550;Região Sul (DF);Santa Maria (DF)
9566988;Região Norte (DF);Arapoanga (DF)
2804123;Região Norte (DF);Planaltina (DF)
7236778;Região Centro-Sul (DF);Núcleo Bandeirante (DF)
161616;Região Norte (DF);Sobradinho (DF)
7686730;Região Norte (DF);Sobradinho II (DF)
7975295;Região Leste (DF);São Sebastião (DF)
3144577;Região Sul (DF);Gama (DF)
2360233;Região Norte (DF);Planaltina (DF)
4431618;Região Central (DF);Lago Sul (DF)
3781402;Região Leste (DF);São Sebastião (DF)
5167817;Região Norte (DF);Planaltina (DF)
3028003;Região Leste (DF);São Sebastião (DF)
207225;Região Leste (DF);São Sebastião (DF)
2804247;Região Sudoeste (DF);Recanto das Emas (DF)
3286975;Região Leste (DF);Paranoá (DF)
3410196;Região Centro-Sul (DF);Riacho Fundo II (DF)
3144593;Região Sul (DF);Santa Maria (DF)
3028011;Região Leste (DF);São Sebastião (DF)
11363;Região Leste (DF);São Sebastião (DF)
7566530;Região Leste (DF);São Sebastião (DF)
2804360;Região Norte (DF);Fercal (DF)
3286959;Região Leste (DF);Itapoã (DF)
3144569;Região Sul (DF);Santa Maria (DF)
3212068;Região Leste (DF);São Sebastião (DF)
3254887;Região Leste (DF);São Sebastião (DF)
11002;Região Oeste (DF);Ceilândia (DF)
2617358;Região Central (DF);Lago Norte (DF)
957755;Região Norte (DF);Sobradinho II (DF)
5050359;Região Norte (DF);Planaltina (DF)
11657;Região Centro-Sul (DF);Guará (DF)
3781437;Região Centro-Sul (DF);Riacho Fundo I (DF)
2660199;Região Centro-Sul (DF);Riacho Fundo I (DF)
10677;Região Sudoeste (DF);Samambaia (DF)
3742873;Região Leste (DF);São Sebastião (DF)
11258;Região Norte (DF);Sobradinho II (DF)
9572481;Região Leste (DF);Itapoã (DF)
9578536;Região Oeste (DF);Brazlândia (DF)
9548866;Região Centro-Sul (DF);Riacho Fundo I (DF)
9620338;Região Centro-Sul (DF);Riacho Fundo I (DF)
9578277;Região Central (DF);Lago Sul (DF)
9548858;Região Centro-Sul (DF);Núcleo Bandeirante (DF)
7740603;Região Oeste (DF);Brazlândia (DF)
877220;Região Sul (DF);Gama (DF)
9690735;Região Norte (DF);Planaltina (DF)
511501;Região Centro-Sul (DF);Guará (DF)
9031340;Região Norte (DF);Sobradinho (DF)
4705130;Região Central (DF);Plano Piloto (DF)
9715797;Região Centro-Sul (DF);Guará (DF)
874523;Região Central (DF);Plano Piloto (DF)
9578560;Região Oeste (DF);Ceilândia (DF)
9676473;Região Oeste (DF);Ceilândia (DF)
9622845;Região Sudoeste (DF);Taguatinga (DF)
4815688;Região Central (DF);Plano Piloto (DF)
9690719;Região Norte (DF);Sobradinho (DF)
727377;Região Leste (DF);Paranoá (DF)
9622918;Região Sudoeste (DF);Vicente Pires (DF)
9764860;Região Sul (DF);Gama (DF)
9778136;Região Central (DF);Plano Piloto (DF)
9772243;Região Leste (DF);Paranoá (DF)
10766;Região Central (DF);Plano Piloto (DF)
2616726;Região Central (DF);Plano Piloto (DF)
11665;Região Centro-Sul (DF);Guará (DF)
11193;Região Sudoeste (DF);Vicente Pires (DF)
9620109;Região Sudoeste (DF);Vicente Pires (DF)
11479;Região Oeste (DF);Ceilândia (DF)
9002960;Região Centro-Sul (DF);Guará (DF)
7990901;Região Centro-Sul (DF);Candangolândia (DF)
7991231;Região Oeste (DF);Brazlândia (DF)
7991029;Região Norte (DF);Planaltina (DF)
7991452;Região Central (DF);Plano Piloto (DF)
7942524;Região Centro-Sul (DF);SIA (DF)
7991223;Região Oeste (DF);Ceilândia (DF)
7991290;Região Central (DF);Plano Piloto (DF)
7991444;Região Sudoeste (DF);Taguatinga (DF)
7991193;Região Sudoeste (DF);Recanto das Emas (DF)
7991363;Região Sudoeste (DF);Recanto das Emas (DF)
7991436;Região Norte (DF);Sobradinho II (DF)
7990987;Região Norte (DF);Planaltina (DF)
7398611;Região Centro-Sul (DF);SCIA/Estrutural (DF)
7990839;Região Sudoeste (DF);Taguatinga (DF)
7990863;Região Oeste (DF);Ceilândia (DF)
7991339;Região Leste (DF);São Sebastião (DF)
7990960;Região Sudoeste (DF);Taguatinga (DF)
7991215;Região Oeste (DF);Ceilândia (DF)
7991150;Região Sul (DF);Santa Maria (DF)
7991053;Região Norte (DF);Sobradinho (DF)
7990871;Região Central (DF);Plano Piloto (DF)
7990944;Região Central (DF);Plano Piloto (DF)
7990847;Região Sudoeste (DF);Recanto das Emas (DF)
7991207;Região Oeste (DF);Ceilândia (DF)
7991169;Região Sudoeste (DF);Samambaia (DF)
7990820;Região Sul (DF);Gama (DF)
7991142;Região Sul (DF);Santa Maria (DF)
7991428;Região Centro-Sul (DF);Riacho Fundo I (DF)
7991096;Região Sul (DF);Gama (DF)
7991304;Região Sul (DF);Gama (DF)
7990952;Região Leste (DF);Paranoá (DF)
7991460;Região Central (DF);Plano Piloto (DF)
7990979;Região Sudoeste (DF);Taguatinga (DF)
7991312;Região Sudoeste (DF);Taguatinga (DF)
7991177;Região Oeste (DF);Ceilândia (DF)
7991185;Região Sudoeste (DF);Samambaia (DF)
6959709;Região Centro-Sul (DF);Riacho Fundo I (DF)
6387527;Região Central (DF);Plano Piloto (DF)
9189890;Região Oeste (DF);Brazlândia (DF)
4015517;Região Oeste (DF);Ceilândia (DF)
9189823;Região Central (DF);Plano Piloto (DF)
9189777;Região Central (DF);Plano Piloto (DF)
9190112;Região Leste (DF);Paranoá (DF)
9190139;Região Sudoeste (DF);Recanto das Emas (DF)
5546206;Região Sul (DF);Gama (DF)
9589724;Região Oeste (DF);Brazlândia (DF)
6666701;Região Norte (DF);Planaltina (DF)
7552270;Região Norte (DF);Sobradinho (DF)
5554349;Região Norte (DF);Sobradinho II (DF)
7379110;Região Central (DF);Plano Piloto (DF)
7698437;Região Sudoeste (DF);Recanto das Emas (DF)
3372375;Região Centro-Sul (DF);Guará (DF)
7238703;Região Sudoeste (DF);Taguatinga (DF)
7740794;Região Central (DF);Plano Piloto (DF)
7055919;Região Sul (DF);Santa Maria (DF)
5447410;Região Sudoeste (DF);Taguatinga (DF)
2649535;Região Centro-Sul (DF);Riacho Fundo I (DF)
995673;Região Centro-Sul (DF);Riacho Fundo I (DF)
7382243;Região Centro-Sul (DF);Guará (DF)
7905610;Região Central (DF);Plano Piloto (DF)
9354514;Região Central (DF);Plano Piloto (DF)
484032;Região Leste (DF);Paranoá (DF)
485101;Região Central (DF);Plano Piloto (DF)
484369;Região Centro-Sul (DF);Núcleo Bandeirante (DF)
490733;Região Norte (DF);Planaltina (DF)
489018;Região Sudoeste (DF);Taguatinga (DF)
485217;Região Oeste (DF);Ceilândia (DF)
303755;Região Centro-Sul (DF);SIA (DF)
4621530;Região Central (DF);Plano Piloto (DF)
4238249;Região Leste (DF);Paranoá (DF)
4245644;Região Sudoeste (DF);Águas Claras (DF)
4226348;Região Oeste (DF);Ceilândia (DF)
4229312;Região Sul (DF);Gama (DF)
4226712;Região Sudoeste (DF);Taguatinga (DF)
4226488;Região Central (DF);Plano Piloto (DF)
7347715;Região Oeste (DF);Ceilândia (DF)
3513564;Região Centro-Sul (DF);SCIA/Estrutural (DF)
7347723;Região Oeste (DF);Ceilândia (DF)
7059892;Região Sudoeste (DF);Recanto das Emas (DF)
7053754;Região Sudoeste (DF);Samambaia (DF)
10650;Região Norte (DF);Planaltina (DF)
11355;Região Central (DF);Plano Piloto (DF)
6921736;Região Sudoeste (DF);Samambaia (DF)
7771479;Região Sudoeste (DF);Samambaia (DF)
11053;Região Oeste (DF);Ceilândia (DF)
11061;Região Oeste (DF);Ceilândia (DF)
10855;Região Sul (DF);Gama (DF)
6662358;Região Oeste (DF);Brazlândia (DF)
11223;Região Norte (DF);Sobradinho (DF)
11185;Região Centro-Sul (DF);Candangolândia (DF)
7368895;Região Norte (DF);Sobradinho (DF)
736260;Região Leste (DF);São Sebastião (DF)
7526504;Região Centro-Sul (DF);Riacho Fundo II (DF)
9509356;Região Oeste (DF);Ceilândia (DF)
11568;Região Norte (DF);Sobradinho (DF)
2617269;Região Sudoeste (DF);Vicente Pires (DF)
9768637;Região Norte (DF);Planaltina (DF)
10995;Região Oeste (DF);Ceilândia (DF)
10863;Região Sul (DF);Gama (DF)
10839;Região Sul (DF);Gama (DF)
9475931;Região Oeste (DF);Pôr do Sol/ Sol Nascente (DF)
11231;Região Norte (DF);Sobradinho (DF)
10898;Região Sul (DF);Gama (DF)
10820;Região Sul (DF);Gama (DF)
10758;Região Central (DF);Cruzeiro (DF)
2617293;Região Oeste (DF);Ceilândia (DF)
10987;Região Oeste (DF);Ceilândia (DF)
11029;Região Oeste (DF);Ceilândia (DF)
11045;Região Oeste (DF);Ceilândia (DF)
10685;Região Sudoeste (DF);Samambaia (DF)
9480587;Região Sudoeste (DF);Samambaia (DF)
10774;Região Sudoeste (DF);Samambaia (DF)
11134;Região Sudoeste (DF);Recanto das Emas (DF)
10960;Região Sudoeste (DF);Vicente Pires (DF)
10723;Região Central (DF);Plano Piloto (DF)
7170939;Região Sudoeste (DF);Recanto das Emas (DF)
6268269;Região Leste (DF);Itapoã (DF)
10642;Região Sudoeste (DF);Samambaia (DF)
10928;Região Sudoeste (DF);Vicente Pires (DF)
10626;Região Sudoeste (DF);Vicente Pires (DF)
10847;Região Sul (DF);Gama (DF)
7417632;Região Sudoeste (DF);Recanto das Emas (DF)
11274;Região Centro-Sul (DF);Guará (DF)
11126;Região Centro-Sul (DF);Núcleo Bandeirante (DF)
10634;Região Leste (DF);Paranoá (DF)
11010;Região Oeste (DF);Ceilândia (DF)
10871;Região Sul (DF);Gama (DF)
9505709;Região Norte (DF);Planaltina (DF)
9578544;Região Oeste (DF);Ceilândia (DF)
9561579;Região Sudoeste (DF);Samambaia (DF)
9620311;Região Centro-Sul (DF);Guará (DF)
9778144;Região Central (DF);Plano Piloto (DF)
9516212;Região Leste (DF);Paranoá (DF)
9578501;Região Oeste (DF);Ceilândia (DF)
9414754;Região Norte (DF);Sobradinho (DF)
9499725;Região Central (DF);Plano Piloto (DF)
11142;Região Central (DF);Plano Piloto (DF)
7988303;Região Sudoeste (DF);Taguatinga (DF)
10596;Região Central (DF);Plano Piloto (DF)
11347;Região Central (DF);Plano Piloto (DF)
2816741;Região Central (DF);Plano Piloto (DF)
6926967;Região Oeste (DF);Ceilândia (DF)
9189963;Região Sul (DF);Gama (DF)
9190163;Região Sul (DF);Santa Maria (DF)
9190228;Região Leste (DF);São Sebastião (DF)
9190473;Região Norte (DF);Sobradinho (DF)
9194118;Região Norte (DF);Planaltina (DF)
9190104;Região Centro-Sul (DF);Núcleo Bandeirante (DF)
9190481;Região Sudoeste (DF);Águas Claras (DF)
9190155;Região Sudoeste (DF);Samambaia (DF)
2650355;Região Leste (DF);São Sebastião (DF)
284548;Região Centro-Sul (DF);Guará (DF)
5537665;Região Oeste (DF);Ceilândia (DF)
6585760;Região Oeste (DF);Ceilândia (DF)
6665098;Região Sudoeste (DF);Samambaia (DF)
5167892;Região Leste (DF);Paranoá (DF)
7282494;Região Sudoeste (DF);Samambaia (DF)
7219695;Região Central (DF);Plano Piloto (DF)
10731;Região Central (DF);Cruzeiro (DF)
10669;Região Sul (DF);Santa Maria (DF)
6216013;Região Norte (DF);Planaltina (DF)
5038669;Região Centro-Sul (DF);Riacho Fundo II (DF)
7299877;Região Sudoeste (DF);Samambaia (DF)
11169;Região Centro-Sul (DF);Riacho Fundo I (DF)
11037;Região Oeste (DF);Ceilândia (DF)
10790;Região Leste (DF);São Sebastião (DF)
10782;Região Sul (DF);Santa Maria (DF)
6216021;Região Norte (DF);Arapoanga (DF)
10952;Região Sudoeste (DF);Vicente Pires (DF)
2779374;Região Centro-Sul (DF);Guará (DF)
9056963;Região Sudoeste (DF);Vicente Pires (DF)
5598575;Região Sul (DF);Gama (DF)
9359648;Região Central (DF);Plano Piloto (DF)
9621709;Região Sudoeste (DF);Vicente Pires (DF)
2814897;Região Centro-Sul (DF);Guará (DF)
2649527;Região Central (DF);Plano Piloto (DF)
9190082;Região Centro-Sul (DF);Guará (DF)
9528911;Região Central (DF);Plano Piloto (DF)
9189920;Região Oeste (DF);Ceilândia (DF)
5533317;Região Leste (DF);Paranoá (DF)
5532515;Região Centro-Sul (DF);Guará (DF)
5504279;Região Norte (DF);Sobradinho (DF)
935514;Região Leste (DF);Paranoá (DF)
969877;Região Norte (DF);Planaltina (DF)
945595;Região Centro-Sul (DF);Riacho Fundo II (DF)
924857;Região Oeste (DF);Ceilândia (DF)
996068;Região Sudoeste (DF);Vicente Pires (DF)
939145;Região Sul (DF);Gama (DF)
2840499;Região Oeste (DF);Brazlândia (DF)
6708714;Região Sudoeste (DF);Samambaia (DF)
7111924;Região Centro-Sul (DF);Núcleo Bandeirante (DF)
7465157;Região Oeste (DF);Ceilândia (DF)
7116756;Região Leste (DF);São Sebastião (DF)
7078730;Região Sudoeste (DF);Recanto das Emas (DF)
7592477;Região Norte (DF);Sobradinho (DF)
7765916;Região Centro-Sul (DF);SIA (DF)
11371;Região Central (DF);Plano Piloto (DF)
3044432;Região Central (DF);Plano Piloto (DF)
11339;Região Central (DF);Plano Piloto (DF)
10545;Região Oeste (DF);Brazlândia (DF)
10529;Região Norte (DF);Planaltina (DF)
2672197;Região Sudoeste (DF);Samambaia (DF)
2645157;Região Leste (DF);Paranoá (DF)
10502;Região Norte (DF);Sobradinho (DF)
10537;Região Central (DF);Plano Piloto (DF)
10472;Região Sul (DF);Gama (DF)
10464;Região Central (DF);Plano Piloto (DF)
10499;Região Sudoeste (DF);Taguatinga (DF)
10480;Região Oeste (DF);Ceilândia (DF)
6963447;Região Central (DF);Plano Piloto (DF)
10510;Região Central (DF);Plano Piloto (DF)
